Country,Kilotons of Co2
Afghanistan,8930.0
Afghanistan,8080.0
Afghanistan,7110.0
Afghanistan,6080.0
Afghanistan,6070.0
Afghanistan,5990.0
Afghanistan,5950.0
Afghanistan,5300.0
Afghanistan,4880.0
Afghanistan,4880.0
Afghanistan,4780.0
Afghanistan,3560.0
Afghanistan,2380.0
Afghanistan,2230.0
Afghanistan,1770.0
Afghanistan,1760.0
Afghanistan,1550.0
Afghanistan,1390.0
Afghanistan,1340.0
Afghanistan,1290.0
Afghanistan,1240.0
Afghanistan,1220.0
Afghanistan,1180.0
Afghanistan,1100.0
Afghanistan,1040.0
Afghanistan,1030.0
Afghanistan,1030.0
Afghanistan,810.0
Afghanistan,760.0
Afghanistan,730.0
Albania,5980.0
Albania,5140.0
Albania,5110.0
Albania,4850.0
Albania,4830.0
Albania,4820.0
Albania,4620.0
Albania,4480.0
Albania,4450.0
Albania,4440.0
Albania,4360.0
Albania,4250.0
Albania,4220.0
Albania,4140.0
Albania,4080.0
Albania,4070.0
Albania,4060.0
Albania,4030.0
Albania,4010.0
Albania,3760.0
Albania,3230.0
Albania,3170.0
Albania,2970.0
Albania,2220.0
Albania,2070.0
Albania,2060.0
Albania,1940.0
Albania,1930.0
Albania,1790.0
Albania,1470.0
Algeria,171250.0
Algeria,165539.99
Algeria,158340.0
Algeria,156270.0
Algeria,154910.0
Algeria,147740.01
Algeria,139020.0
Algeria,134929.99
Algeria,120790.0
Algeria,114180.0
Algeria,112170.0
Algeria,107750.0
Algeria,102750.0
Algeria,99810.0
Algeria,94190.0
Algeria,89490.0
Algeria,88190.0
Algeria,82400.0
Algeria,80050.0
Algeria,78650.0
Algeria,77510.0
Algeria,76440.0
Algeria,76120.0
Algeria,74650.0
Algeria,74430.0
Algeria,73610.0
Algeria,72220.0
Algeria,66840.0
Algeria,66430.0
Algeria,62940.0
Andorra,580.0
Andorra,560.0
Andorra,550.0
Andorra,540.0
Andorra,540.0
Andorra,530.0
Andorra,530.0
Andorra,520.0
Andorra,520.0
Andorra,520.0
Andorra,520.0
Andorra,510.0
Andorra,500.0
Andorra,490.0
Andorra,490.0
Andorra,490.0
Andorra,490.0
Andorra,480.0
Andorra,470.0
Andorra,470.0
Andorra,470.0
Andorra,470.0
Andorra,460.0
Andorra,450.0
Andorra,430.0
Andorra,410.0
Andorra,410.0
Andorra,410.0
Andorra,410.0
Andorra,410.0
Angola,31650.0
Angola,29760.0
Angola,29630.0
Angola,26960.0
Angola,25210.0
Angola,24250.0
Angola,23960.0
Angola,23870.0
Angola,23870.0
Angola,22800.0
Angola,21150.0
Angola,19280.0
Angola,17610.0
Angola,17450.0
Angola,16970.0
Angola,16770.0
Angola,16760.0
Angola,16560.0
Angola,16200.0
Angola,16160.0
Angola,15960.0
Angola,15810.0
Angola,15690.0
Angola,15440.0
Angola,12720.0
Angola,11300.0
Angola,9270.0
Angola,6880.0
Angola,6670.0
Angola,6560.0
Antigua And Barbuda,1390.0
Antigua And Barbuda,700.0
Antigua And Barbuda,540.0
Antigua And Barbuda,520.0
Antigua And Barbuda,510.0
Antigua And Barbuda,500.0
Antigua And Barbuda,500.0
Antigua And Barbuda,490.0
Antigua And Barbuda,490.0
Antigua And Barbuda,480.0
Antigua And Barbuda,480.0
Antigua And Barbuda,470.0
Antigua And Barbuda,460.0
Antigua And Barbuda,440.0
Antigua And Barbuda,410.0
Antigua And Barbuda,410.0
Antigua And Barbuda,400.0
Antigua And Barbuda,390.0
Antigua And Barbuda,350.0
Antigua And Barbuda,330.0
Antigua And Barbuda,330.0
Antigua And Barbuda,320.0
Antigua And Barbuda,290.0
Antigua And Barbuda,290.0
Antigua And Barbuda,280.0
Antigua And Barbuda,270.0
Antigua And Barbuda,250.0
Antigua And Barbuda,250.0
Antigua And Barbuda,220.0
Antigua And Barbuda,210.0
Argentina,185550.0
Argentina,183250.0
Argentina,183160.0
Argentina,179600.01
Argentina,179320.01
Argentina,177960.01
Argentina,176899.99
Argentina,176640.0
Argentina,168100.01
Argentina,167230.0
Argentina,167220.0
Argentina,162810.0
Argentina,156570.01
Argentina,154899.99
Argentina,145990.01
Argentina,141380.0
Argentina,134510.0
Argentina,132670.0
Argentina,132270.0
Argentina,127660.0
Argentina,126120.0
Argentina,125260.0
Argentina,122550.0
Argentina,117470.0
Argentina,112890.0
Argentina,111910.0
Argentina,110260.0
Argentina,107930.0
Argentina,105920.0
Argentina,100320.0
Armenia,20690.0
Armenia,19850.0
Armenia,10900.0
Armenia,6170.0
Armenia,5720.0
Armenia,5710.0
Armenia,5690.0
Armenia,5500.0
Armenia,5480.0
Armenia,5370.0
Armenia,5340.0
Armenia,5200.0
Armenia,5070.0
Armenia,5040.0
Armenia,4940.0
Armenia,4510.0
Armenia,4490.0
Armenia,4460.0
Armenia,4340.0
Armenia,3760.0
Armenia,3600.0
Armenia,3560.0
Armenia,3510.0
Armenia,3500.0
Armenia,3470.0
Armenia,3340.0
Armenia,3120.0
Armenia,3110.0
Armenia,2740.0
Armenia,2580.0
Australia,395290.01
Australia,389160.0
Australia,388940.0
Australia,387540.01
Australia,387070.01
Australia,386970.0
Australia,386530.0
Australia,386380.0
Australia,385750.0
Australia,384989.99
Australia,380280.0
Australia,377799.99
Australia,375489.99
Australia,371630.0
Australia,370090.0
Australia,365810.0
Australia,353370.0
Australia,352579.99
Australia,345640.0
Australia,339450.0
Australia,333710.0
Australia,328620.0
Australia,307850.0
Australia,300810.0
Australia,290180.0
Australia,280180.0
Australia,273050.0
Australia,268400.0
Australia,264760.0
Australia,263630.0
Austria,76240.0
Austria,75800.0
Austria,74460.0
Austria,74100.0
Austria,71240.0
Austria,70730.0
Austria,69960.0
Austria,69370.0
Austria,68270.0
Austria,67910.0
Austria,65860.0
Austria,65750.0
Austria,65110.0
Austria,64900.0
Austria,64770.0
Austria,64670.0
Austria,64420.0
Austria,64220.0
Austria,63680.0
Austria,63530.0
Austria,63240.0
Austria,63060.0
Austria,63050.0
Austria,62420.0
Austria,62050.0
Austria,61180.0
Austria,58280.0
Austria,58270.0
Austria,57800.0
Austria,57660.0
Azerbaijan,63610.0
Azerbaijan,53480.0
Azerbaijan,52060.0
Azerbaijan,48050.0
Azerbaijan,35510.0
Azerbaijan,33520.0
Azerbaijan,32730.0
Azerbaijan,32470.0
Azerbaijan,32240.0
Azerbaijan,32240.0
Azerbaijan,31960.0
Azerbaijan,31770.0
Azerbaijan,30940.0
Azerbaijan,30490.0
Azerbaijan,30450.0
Azerbaijan,30110.0
Azerbaijan,30040.0
Azerbaijan,28570.0
Azerbaijan,28310.0
Azerbaijan,27690.0
Azerbaijan,27630.0
Azerbaijan,27280.0
Azerbaijan,27190.0
Azerbaijan,26490.0
Azerbaijan,26490.0
Azerbaijan,26400.0
Azerbaijan,26180.0
Azerbaijan,26120.0
Azerbaijan,25500.0
Azerbaijan,24310.0
Bahamas,6170.0
Bahamas,3550.0
Bahamas,2840.0
Bahamas,2810.0
Bahamas,2800.0
Bahamas,2570.0
Bahamas,2570.0
Bahamas,2520.0
Bahamas,2400.0
Bahamas,2380.0
Bahamas,2360.0
Bahamas,2320.0
Bahamas,2250.0
Bahamas,2230.0
Bahamas,2220.0
Bahamas,2210.0
Bahamas,2200.0
Bahamas,2200.0
Bahamas,2170.0
Bahamas,2120.0
Bahamas,2110.0
Bahamas,2100.0
Bahamas,2090.0
Bahamas,2080.0
Bahamas,2070.0
Bahamas,2070.0
Bahamas,2040.0
Bahamas,2040.0
Bahamas,1960.0
Bahamas,1870.0
Bahrain,33260.0
Bahrain,30810.0
Bahrain,30580.0
Bahrain,30520.0
Bahrain,30300.0
Bahrain,30280.0
Bahrain,28850.0
Bahrain,27170.0
Bahrain,26020.0
Bahrain,25970.0
Bahrain,24760.0
Bahrain,24720.0
Bahrain,23000.0
Bahrain,22490.0
Bahrain,20690.0
Bahrain,17940.0
Bahrain,17930.0
Bahrain,17220.0
Bahrain,16390.0
Bahrain,15880.0
Bahrain,15490.0
Bahrain,15450.0
Bahrain,14420.0
Bahrain,14150.0
Bahrain,13540.0
Bahrain,13370.0
Bahrain,13070.0
Bahrain,12270.0
Bahrain,10740.0
Bahrain,10350.0
Bangladesh,90740.0
Bangladesh,83450.0
Bangladesh,79340.0
Bangladesh,74380.0
Bangladesh,72190.0
Bangladesh,63830.0
Bangladesh,60600.0
Bangladesh,57990.0
Bangladesh,54420.0
Bangladesh,50580.0
Bangladesh,44750.0
Bangladesh,41580.0
Bangladesh,37990.0
Bangladesh,35900.0
Bangladesh,32710.0
Bangladesh,30530.0
Bangladesh,28630.0
Bangladesh,27430.0
Bangladesh,25780.0
Bangladesh,21650.0
Bangladesh,20110.0
Bangladesh,19250.0
Bangladesh,18970.0
Bangladesh,16830.0
Bangladesh,16550.0
Bangladesh,13540.0
Bangladesh,12570.0
Bangladesh,11820.0
Bangladesh,11520.0
Bangladesh,10830.0
Barbados,4620.0
Barbados,2120.0
Barbados,1780.0
Barbados,1760.0
Barbados,1550.0
Barbados,1480.0
Barbados,1470.0
Barbados,1440.0
Barbados,1420.0
Barbados,1380.0
Barbados,1370.0
Barbados,1360.0
Barbados,1310.0
Barbados,1300.0
Barbados,1290.0
Barbados,1270.0
Barbados,1270.0
Barbados,1270.0
Barbados,1250.0
Barbados,1240.0
Barbados,1240.0
Barbados,1180.0
Barbados,1180.0
Barbados,1160.0
Barbados,1070.0
Barbados,1060.0
Barbados,1030.0
Barbados,1000.0
Barbados,980.0
Barbados,980.0
Belarus,99830.0
Belarus,96220.0
Belarus,87990.0
Belarus,76420.0
Belarus,64810.0
Belarus,61670.0
Belarus,60530.0
Belarus,59990.0
Belarus,59940.0
Belarus,59500.0
Belarus,59170.0
Belarus,59120.0
Belarus,58950.0
Belarus,58650.0
Belarus,58550.0
Belarus,57670.0
Belarus,57650.0
Belarus,57640.0
Belarus,57400.0
Belarus,57260.0
Belarus,56780.0
Belarus,56040.0
Belarus,56010.0
Belarus,55140.0
Belarus,54950.0
Belarus,54820.0
Belarus,52940.0
Belarus,52700.0
Belarus,51880.0
Belarus,51840.0
Belgium,119450.0
Belgium,119410.0
Belgium,118340.0
Belgium,117270.0
Belgium,116630.0
Belgium,115510.0
Belgium,115500.0
Belgium,114900.0
Belgium,114570.0
Belgium,114020.0
Belgium,113960.0
Belgium,112330.0
Belgium,110850.0
Belgium,110610.0
Belgium,110110.0
Belgium,109310.0
Belgium,108650.0
Belgium,106930.0
Belgium,106720.0
Belgium,104590.0
Belgium,99670.0
Belgium,96590.0
Belgium,96480.0
Belgium,95270.0
Belgium,95130.0
Belgium,94220.0
Belgium,93660.0
Belgium,93010.0
Belgium,92720.0
Belgium,90140.0
Belize,1460.0
Belize,680.0
Belize,670.0
Belize,670.0
Belize,650.0
Belize,640.0
Belize,640.0
Belize,630.0
Belize,560.0
Belize,530.0
Belize,530.0
Belize,520.0
Belize,510.0
Belize,510.0
Belize,500.0
Belize,500.0
Belize,480.0
Belize,470.0
Belize,470.0
Belize,460.0
Belize,460.0
Belize,460.0
Belize,450.0
Belize,450.0
Belize,450.0
Belize,440.0
Belize,430.0
Belize,410.0
Belize,360.0
Belize,330.0
Benin,7420.0
Benin,7300.0
Benin,6870.0
Benin,6740.0
Benin,5510.0
Benin,5190.0
Benin,4830.0
Benin,4680.0
Benin,4650.0
Benin,4440.0
Benin,4420.0
Benin,4020.0
Benin,4000.0
Benin,3470.0
Benin,2900.0
Benin,2650.0
Benin,2440.0
Benin,2180.0
Benin,1740.0
Benin,1420.0
Benin,1340.0
Benin,1240.0
Benin,1210.0
Benin,970.0
Benin,330.0
Benin,300.0
Benin,290.0
Benin,280.0
Benin,280.0
Benin,270.0
Bhutan,1050.0
Bhutan,1050.0
Bhutan,970.0
Bhutan,930.0
Bhutan,770.0
Bhutan,700.0
Bhutan,670.0
Bhutan,640.0
Bhutan,590.0
Bhutan,400.0
Bhutan,320.0
Bhutan,320.0
Bhutan,320.0
Bhutan,320.0
Bhutan,300.0
Bhutan,290.0
Bhutan,260.0
Bhutan,240.0
Bhutan,230.0
Bhutan,210.0
Bhutan,200.0
Bhutan,200.0
Bhutan,200.0
Bhutan,190.0
Bhutan,160.0
Bhutan,140.0
Bhutan,130.0
Bhutan,130.0
Bhutan,120.0
Bhutan,80.0
Bolivia,23230.0
Bolivia,22750.0
Bolivia,22340.0
Bolivia,22010.0
Bolivia,20760.0
Bolivia,20410.0
Bolivia,18740.0
Bolivia,17420.0
Bolivia,16610.0
Bolivia,15170.0
Bolivia,14000.0
Bolivia,13110.0
Bolivia,12080.0
Bolivia,11230.0
Bolivia,11150.0
Bolivia,10870.0
Bolivia,10410.0
Bolivia,10200.0
Bolivia,10050.0
Bolivia,9520.0
Bolivia,9490.0
Bolivia,9120.0
Bolivia,9080.0
Bolivia,8670.0
Bolivia,8580.0
Bolivia,8300.0
Bolivia,8290.0
Bolivia,8220.0
Bolivia,8210.0
Bolivia,8050.0
Bosnia,23970.0
Bosnia,23740.0
Bosnia,22680.0
Bosnia,22600.0
Bosnia,22340.0
Bosnia,21960.0
Bosnia,21850.0
Bosnia,21440.0
Bosnia,21070.0
Bosnia,20840.0
Bosnia,20760.0
Bosnia,20590.0
Bosnia,19620.0
Bosnia,19490.0
Bosnia,18890.0
Bosnia,17910.0
Bosnia,16230.0
Bosnia,15970.0
Bosnia,15570.0
Bosnia,14870.0
Bosnia,14560.0
Bosnia,13960.0
Bosnia,13760.0
Bosnia,13400.0
Bosnia,10760.0
Bosnia,10520.0
Bosnia,8490.0
Bosnia,4190.0
Bosnia,3370.0
Bosnia,3160.0
Botswana,7330.0
Botswana,7310.0
Botswana,7250.0
Botswana,6990.0
Botswana,6950.0
Botswana,6630.0
Botswana,5420.0
Botswana,4390.0
Botswana,4320.0
Botswana,4280.0
Botswana,4190.0
Botswana,4090.0
Botswana,4030.0
Botswana,4030.0
Botswana,3970.0
Botswana,3920.0
Botswana,3880.0
Botswana,3870.0
Botswana,3860.0
Botswana,3680.0
Botswana,3410.0
Botswana,3370.0
Botswana,3300.0
Botswana,3250.0
Botswana,3190.0
Botswana,3080.0
Botswana,3070.0
Botswana,2920.0
Botswana,2810.0
Botswana,2730.0
Brazil,511620.0
Brazil,486840.0
Brazil,485340.0
Brazil,456489.99
Brazil,454230.01
Brazil,447079.99
Brazil,434299.99
Brazil,433989.99
Brazil,418310.0
Brazil,397929.99
Brazil,373630.0
Brazil,352560.0
Brazil,350000.0
Brazil,335620.0
Brazil,331690.0
Brazil,328519.99
Brazil,319380.0
Brazil,317760.01
Brazil,313670.0
Brazil,310810.0
Brazil,300960.0
Brazil,290590.0
Brazil,281330.0
Brazil,262410.0
Brazil,241280.0
Brazil,222500.0
Brazil,215260.0
Brazil,207870.0
Brazil,205480.0
Brazil,197900.0
Brunei,7910.0
Brunei,7870.0
Brunei,7540.0
Brunei,7520.0
Brunei,7330.0
Brunei,7300.0
Brunei,7290.0
Brunei,7210.0
Brunei,7170.0
Brunei,7140.0
Brunei,7080.0
Brunei,6990.0
Brunei,6970.0
Brunei,6400.0
Brunei,5520.0
Brunei,5230.0
Brunei,5100.0
Brunei,4990.0
Brunei,4830.0
Brunei,4720.0
Brunei,4710.0
Brunei,4620.0
Brunei,4600.0
Brunei,4520.0
Brunei,4430.0
Brunei,4270.0
Brunei,3930.0
Brunei,3590.0
Brunei,3380.0
Brunei,3260.0
Bulgaria,73610.0
Bulgaria,58830.0
Bulgaria,55930.0
Bulgaria,55360.0
Bulgaria,55300.0
Bulgaria,54880.0
Bulgaria,53720.0
Bulgaria,52990.0
Bulgaria,52600.0
Bulgaria,50480.0
Bulgaria,50040.0
Bulgaria,49640.0
Bulgaria,48950.0
Bulgaria,47990.0
Bulgaria,47930.0
Bulgaria,47270.0
Bulgaria,46190.0
Bulgaria,45020.0
Bulgaria,44740.0
Bulgaria,44560.0
Bulgaria,44320.0
Bulgaria,43880.0
Bulgaria,43600.0
Bulgaria,43420.0
Bulgaria,42910.0
Bulgaria,42050.0
Bulgaria,41590.0
Bulgaria,40900.0
Bulgaria,39660.0
Bulgaria,39140.0
Burkina Faso,5000.0
Burkina Faso,4670.0
Burkina Faso,4270.0
Burkina Faso,3700.0
Burkina Faso,3700.0
Burkina Faso,3180.0
Burkina Faso,3130.0
Burkina Faso,2940.0
Burkina Faso,2460.0
Burkina Faso,2290.0
Burkina Faso,1730.0
Burkina Faso,1700.0
Burkina Faso,1410.0
Burkina Faso,1240.0
Burkina Faso,1060.0
Burkina Faso,1060.0
Burkina Faso,1040.0
Burkina Faso,970.0
Burkina Faso,960.0
Burkina Faso,940.0
Burkina Faso,890.0
Burkina Faso,760.0
Burkina Faso,690.0
Burkina Faso,630.0
Burkina Faso,570.0
Burkina Faso,540.0
Burkina Faso,530.0
Burkina Faso,520.0
Burkina Faso,510.0
Burkina Faso,500.0
Burundi,720.0
Burundi,690.0
Burundi,530.0
Burundi,440.0
Burundi,400.0
Burundi,390.0
Burundi,380.0
Burundi,370.0
Burundi,360.0
Burundi,300.0
Burundi,260.0
Burundi,230.0
Burundi,220.0
Burundi,220.0
Burundi,210.0
Burundi,210.0
Burundi,210.0
Burundi,200.0
Burundi,200.0
Burundi,190.0
Burundi,190.0
Burundi,180.0
Burundi,180.0
Burundi,180.0
Burundi,180.0
Burundi,180.0
Burundi,170.0
Burundi,160.0
Burundi,150.0
Burundi,150.0
Cabo Verde,650.0
Cabo Verde,610.0
Cabo Verde,590.0
Cabo Verde,570.0
Cabo Verde,550.0
Cabo Verde,540.0
Cabo Verde,530.0
Cabo Verde,510.0
Cabo Verde,510.0
Cabo Verde,500.0
Cabo Verde,500.0
Cabo Verde,500.0
Cabo Verde,480.0
Cabo Verde,460.0
Cabo Verde,440.0
Cabo Verde,330.0
Cabo Verde,310.0
Cabo Verde,280.0
Cabo Verde,240.0
Cabo Verde,220.0
Cabo Verde,190.0
Cabo Verde,160.0
Cabo Verde,150.0
Cabo Verde,140.0
Cabo Verde,120.0
Cabo Verde,110.0
Cabo Verde,110.0
Cabo Verde,110.0
Cabo Verde,100.0
Cabo Verde,100.0
Cambodia,16180.0
Cambodia,14580.0
Cambodia,12690.0
Cambodia,11070.0
Cambodia,8430.0
Cambodia,6950.0
Cambodia,5740.0
Cambodia,5670.0
Cambodia,5360.0
Cambodia,5140.0
Cambodia,4750.0
Cambodia,4060.0
Cambodia,3660.0
Cambodia,2960.0
Cambodia,2660.0
Cambodia,2380.0
Cambodia,2380.0
Cambodia,2210.0
Cambodia,2150.0
Cambodia,1960.0
Cambodia,1910.0
Cambodia,1880.0
Cambodia,1640.0
Cambodia,1530.0
Cambodia,1480.0
Cambodia,1470.0
Cambodia,1380.0
Cambodia,1350.0
Cambodia,1300.0
Cambodia,1260.0
Cameroon,9590.0
Cameroon,9430.0
Cameroon,9170.0
Cameroon,9080.0
Cameroon,8460.0
Cameroon,8250.0
Cameroon,7550.0
Cameroon,7030.0
Cameroon,7010.0
Cameroon,6970.0
Cameroon,6880.0
Cameroon,6850.0
Cameroon,6810.0
Cameroon,6390.0
Cameroon,6130.0
Cameroon,5770.0
Cameroon,5210.0
Cameroon,5210.0
Cameroon,5160.0
Cameroon,5130.0
Cameroon,5120.0
Cameroon,5090.0
Cameroon,5040.0
Cameroon,5020.0
Cameroon,4860.0
Cameroon,4790.0
Cameroon,4760.0
Cameroon,4680.0
Cameroon,4620.0
Cameroon,2900.0
Canada,580210.02
Canada,580090.03
Canada,571630.0
Canada,568080.02
Canada,561679.99
Canada,558700.01
Canada,556830.02
Canada,555659.97
Canada,550469.97
Canada,549289.98
Canada,549030.03
Canada,546210.02
Canada,544539.98
Canada,540530.03
Canada,537010.01
Canada,536419.98
Canada,524349.98
Canada,521320.01
Canada,514220.0
Canada,506620.0
Canada,494280.0
Canada,484790.0
Canada,476820.0
Canada,461700.0
Canada,448050.0
Canada,436760.0
Canada,426370.0
Canada,422050.0
Canada,419490.0
Canada,413300.0
Central African Republic,250.0
Central African Republic,250.0
Central African Republic,240.0
Central African Republic,240.0
Central African Republic,240.0
Central African Republic,240.0
Central African Republic,230.0
Central African Republic,230.0
Central African Republic,230.0
Central African Republic,230.0
Central African Republic,230.0
Central African Republic,220.0
Central African Republic,220.0
Central African Republic,210.0
Central African Republic,200.0
Central African Republic,190.0
Central African Republic,190.0
Central African Republic,170.0
Central African Republic,170.0
Central African Republic,170.0
Central African Republic,170.0
Central African Republic,170.0
Central African Republic,160.0
Central African Republic,160.0
Central African Republic,160.0
Central African Republic,150.0
Central African Republic,150.0
Central African Republic,140.0
Central African Republic,130.0
Central African Republic,120.0
Chad,2390.0
Chad,2260.0
Chad,2250.0
Chad,2210.0
Chad,2190.0
Chad,2190.0
Chad,2150.0
Chad,1860.0
Chad,1240.0
Chad,1100.0
Chad,790.0
Chad,540.0
Chad,510.0
Chad,500.0
Chad,490.0
Chad,480.0
Chad,470.0
Chad,470.0
Chad,450.0
Chad,450.0
Chad,450.0
Chad,440.0
Chad,430.0
Chad,410.0
Chad,410.0
Chad,400.0
Chad,400.0
Chad,390.0
Chad,340.0
Chad,290.0
Chile,91370.0
Chile,87070.0
Chile,86610.0
Chile,86490.0
Chile,83000.0
Chile,82230.0
Chile,78410.0
Chile,76560.0
Chile,76470.0
Chile,69750.0
Chile,67990.0
Chile,65450.0
Chile,64570.0
Chile,57150.0
Chile,55970.0
Chile,54970.0
Chile,54430.0
Chile,52010.0
Chile,51290.0
Chile,50420.0
Chile,50200.0
Chile,49120.0
Chile,48430.0
Chile,44900.0
Chile,38970.0
Chile,35640.0
Chile,32320.0
Chile,30520.0
Chile,30320.0
Chile,29300.0
China,10707219.73
China,10502929.69
China,10096009.77
China,10006669.92
China,9984570.31
China,9874660.16
China,9861099.61
China,9541870.12
China,9282549.8
China,8474919.92
China,7719069.82
China,7199600.1
China,6993180.18
China,6437470.21
China,5824629.88
China,5124819.82
China,4415910.16
China,3810060.06
China,3529080.0
China,3346530.0
China,3236280.0
China,3153660.0
China,3134110.0
China,3088620.0
China,3070510.0
China,2767670.0
China,2645410.0
China,2418180.0
China,2302180.0
China,2173360.0
Colombia,82680.0
Colombia,81040.0
Colombia,80230.0
Colombia,79200.0
Colombia,78590.0
Colombia,76860.0
Colombia,74990.0
Colombia,69700.0
Colombia,69100.0
Colombia,64440.0
Colombia,64190.0
Colombia,63560.0
Colombia,62010.0
Colombia,59780.0
Colombia,59310.0
Colombia,59180.0
Colombia,58940.0
Colombia,58650.0
Colombia,58340.0
Colombia,57690.0
Colombia,57640.0
Colombia,56780.0
Colombia,56770.0
Colombia,56110.0
Colombia,56110.0
Colombia,55880.0
Colombia,55400.0
Colombia,52510.0
Colombia,50440.0
Colombia,48730.0
Comoros,320.0
Comoros,300.0
Comoros,280.0
Comoros,220.0
Comoros,190.0
Comoros,190.0
Comoros,170.0
Comoros,170.0
Comoros,170.0
Comoros,160.0
Comoros,150.0
Comoros,150.0
Comoros,150.0
Comoros,140.0
Comoros,140.0
Comoros,110.0
Comoros,110.0
Comoros,110.0
Comoros,110.0
Comoros,100.0
Comoros,100.0
Comoros,90.0
Comoros,80.0
Comoros,80.0
Comoros,80.0
Comoros,70.0
Comoros,70.0
Comoros,70.0
Comoros,70.0
Comoros,70.0
Costa Rica,8370.0
Costa Rica,8260.0
Costa Rica,8240.0
Costa Rica,8080.0
Costa Rica,7830.0
Costa Rica,7780.0
Costa Rica,7600.0
Costa Rica,7540.0
Costa Rica,7520.0
Costa Rica,7450.0
Costa Rica,7430.0
Costa Rica,7200.0
Costa Rica,7110.0
Costa Rica,6560.0
Costa Rica,6270.0
Costa Rica,5940.0
Costa Rica,5800.0
Costa Rica,5520.0
Costa Rica,5420.0
Costa Rica,5030.0
Costa Rica,5020.0
Costa Rica,4950.0
Costa Rica,4850.0
Costa Rica,4810.0
Costa Rica,4530.0
Costa Rica,4490.0
Costa Rica,4180.0
Costa Rica,4150.0
Costa Rica,3060.0
Costa Rica,2870.0
Croatia,22880.0
Croatia,21730.0
Croatia,21610.0
Croatia,21610.0
Croatia,21450.0
Croatia,21100.0
Croatia,20340.0
Croatia,20310.0
Croatia,20280.0
Croatia,19460.0
Croatia,19200.0
Croatia,19030.0
Croatia,18530.0
Croatia,18520.0
Croatia,18040.0
Croatia,17410.0
Croatia,17410.0
Croatia,17070.0
Croatia,17010.0
Croatia,16880.0
Croatia,16600.0
Croatia,16520.0
Croatia,16430.0
Croatia,16240.0
Croatia,15540.0
Croatia,15460.0
Croatia,15260.0
Croatia,15040.0
Croatia,14870.0
Croatia,14740.0
Cuba,35620.0
Cuba,29210.0
Cuba,28870.0
Cuba,28690.0
Cuba,28350.0
Cuba,28110.0
Cuba,28000.0
Cuba,27680.0
Cuba,27590.0
Cuba,27470.0
Cuba,27450.0
Cuba,27420.0
Cuba,27170.0
Cuba,27110.0
Cuba,26980.0
Cuba,26780.0
Cuba,26750.0
Cuba,26710.0
Cuba,26690.0
Cuba,26420.0
Cuba,26320.0
Cuba,26240.0
Cuba,25910.0
Cuba,25630.0
Cuba,25360.0
Cuba,25200.0
Cuba,23180.0
Cuba,21770.0
Cuba,21720.0
Cuba,20150.0
Cyprus,8490.0
Cyprus,8310.0
Cyprus,8280.0
Cyprus,8000.0
Cyprus,7900.0
Cyprus,7900.0
Cyprus,7830.0
Cyprus,7780.0
Cyprus,7630.0
Cyprus,7360.0
Cyprus,7220.0
Cyprus,7200.0
Cyprus,7190.0
Cyprus,7170.0
Cyprus,7130.0
Cyprus,7100.0
Cyprus,6990.0
Cyprus,6870.0
Cyprus,6850.0
Cyprus,6810.0
Cyprus,6610.0
Cyprus,6430.0
Cyprus,6300.0
Cyprus,6210.0
Cyprus,5980.0
Cyprus,5850.0
Cyprus,5740.0
Cyprus,5480.0
Cyprus,5110.0
Cyprus,4590.0
Czech Republic,150200.0
Czech Republic,136900.0
Czech Republic,134140.0
Czech Republic,130980.0
Czech Republic,126740.0
Czech Republic,125180.0
Czech Republic,124790.0
Czech Republic,124710.0
Czech Republic,123620.0
Czech Republic,123440.0
Czech Republic,123170.0
Czech Republic,122770.0
Czech Republic,122720.0
Czech Republic,120600.0
Czech Republic,119990.0
Czech Republic,118920.0
Czech Republic,118530.0
Czech Republic,118310.0
Czech Republic,112250.0
Czech Republic,111950.0
Czech Republic,111170.0
Czech Republic,109170.0
Czech Republic,106070.0
Czech Republic,101830.0
Czech Republic,101730.0
Czech Republic,101150.0
Czech Republic,100900.0
Czech Republic,99140.0
Czech Republic,97510.0
Czech Republic,96290.0
Democratic Republic Of Congo,5140.0
Democratic Republic Of Congo,3960.0
Democratic Republic Of Congo,3230.0
Democratic Republic Of Congo,3210.0
Democratic Republic Of Congo,3180.0
Democratic Republic Of Congo,3120.0
Democratic Republic Of Congo,3020.0
Democratic Republic Of Congo,2850.0
Democratic Republic Of Congo,2830.0
Democratic Republic Of Congo,2650.0
Democratic Republic Of Congo,2550.0
Democratic Republic Of Congo,2500.0
Democratic Republic Of Congo,2470.0
Democratic Republic Of Congo,2420.0
Democratic Republic Of Congo,2280.0
Democratic Republic Of Congo,2280.0
Democratic Republic Of Congo,2270.0
Democratic Republic Of Congo,2270.0
Democratic Republic Of Congo,2210.0
Democratic Republic Of Congo,2210.0
Democratic Republic Of Congo,2110.0
Democratic Republic Of Congo,2090.0
Democratic Republic Of Congo,2000.0
Democratic Republic Of Congo,1940.0
Democratic Republic Of Congo,1900.0
Democratic Republic Of Congo,1740.0
Democratic Republic Of Congo,1650.0
Democratic Republic Of Congo,1630.0
Democratic Republic Of Congo,1570.0
Democratic Republic Of Congo,1480.0
Denmark,73340.0
Denmark,63650.0
Denmark,63200.0
Denmark,62800.0
Denmark,60000.0
Denmark,59710.0
Denmark,59360.0
Denmark,59230.0
Denmark,58130.0
Denmark,57030.0
Denmark,56730.0
Denmark,54250.0
Denmark,53840.0
Denmark,53730.0
Denmark,53410.0
Denmark,52600.0
Denmark,52090.0
Denmark,50200.0
Denmark,50130.0
Denmark,48120.0
Denmark,47930.0
Denmark,43100.0
Denmark,39960.0
Denmark,38220.0
Denmark,35820.0
Denmark,35320.0
Denmark,33700.0
Denmark,33130.0
Denmark,33130.0
Denmark,29700.0
Djibouti,560.0
Djibouti,520.0
Djibouti,500.0
Djibouti,480.0
Djibouti,470.0
Djibouti,470.0
Djibouti,470.0
Djibouti,460.0
Djibouti,430.0
Djibouti,430.0
Djibouti,420.0
Djibouti,420.0
Djibouti,420.0
Djibouti,410.0
Djibouti,400.0
Djibouti,400.0
Djibouti,400.0
Djibouti,400.0
Djibouti,390.0
Djibouti,390.0
Djibouti,380.0
Djibouti,370.0
Djibouti,330.0
Djibouti,320.0
Djibouti,300.0
Djibouti,300.0
Djibouti,300.0
Djibouti,290.0
Djibouti,290.0
Djibouti,270.0
Dominica,500.0
Dominica,250.0
Dominica,180.0
Dominica,180.0
Dominica,180.0
Dominica,180.0
Dominica,180.0
Dominica,180.0
Dominica,180.0
Dominica,170.0
Dominica,170.0
Dominica,170.0
Dominica,170.0
Dominica,170.0
Dominica,160.0
Dominica,160.0
Dominica,150.0
Dominica,140.0
Dominica,130.0
Dominica,120.0
Dominica,110.0
Dominica,110.0
Dominica,100.0
Dominica,100.0
Dominica,80.0
Dominica,80.0
Dominica,80.0
Dominica,80.0
Dominica,60.0
Dominica,60.0
Dominican Republic,27230.0
Dominican Republic,25310.0
Dominican Republic,24590.0
Dominican Republic,23590.0
Dominican Republic,23550.0
Dominican Republic,21680.0
Dominican Republic,21450.0
Dominican Republic,21290.0
Dominican Republic,20910.0
Dominican Republic,20880.0
Dominican Republic,20680.0
Dominican Republic,20630.0
Dominican Republic,20580.0
Dominican Republic,20370.0
Dominican Republic,19660.0
Dominican Republic,18980.0
Dominican Republic,18730.0
Dominican Republic,18690.0
Dominican Republic,18670.0
Dominican Republic,17790.0
Dominican Republic,17280.0
Dominican Republic,16620.0
Dominican Republic,14500.0
Dominican Republic,12730.0
Dominican Republic,11840.0
Dominican Republic,11140.0
Dominican Republic,9620.0
Dominican Republic,9520.0
Dominican Republic,8230.0
Dominican Republic,7860.0
Ecuador,41800.0
Ecuador,41520.0
Ecuador,40140.0
Ecuador,39810.0
Ecuador,39700.0
Ecuador,39290.0
Ecuador,38550.0
Ecuador,37250.0
Ecuador,37100.0
Ecuador,37090.0
Ecuador,34500.0
Ecuador,31690.0
Ecuador,30640.0
Ecuador,30130.0
Ecuador,28220.0
Ecuador,26180.0
Ecuador,24950.0
Ecuador,24660.0
Ecuador,24470.0
Ecuador,24250.0
Ecuador,24170.0
Ecuador,24000.0
Ecuador,22050.0
Ecuador,21610.0
Ecuador,20920.0
Ecuador,18800.0
Ecuador,16950.0
Ecuador,16850.0
Ecuador,15740.0
Ecuador,15420.0
Egypt,249370.0
Egypt,247910.0
Egypt,242230.0
Egypt,231230.0
Egypt,226280.0
Egypt,219120.0
Egypt,215000.0
Egypt,213860.0
Egypt,205770.0
Egypt,200310.0
Egypt,197660.0
Egypt,189940.0
Egypt,183399.99
Egypt,170750.0
Egypt,162220.0
Egypt,144500.0
Egypt,133020.0
Egypt,129440.0
Egypt,126700.0
Egypt,116540.0
Egypt,114610.0
Egypt,110980.0
Egypt,106060.0
Egypt,98940.0
Egypt,93720.0
Egypt,92660.0
Egypt,90900.0
Egypt,89370.0
Egypt,87900.0
Egypt,87750.0
El Salvador,7800.0
El Salvador,7630.0
El Salvador,7240.0
El Salvador,7170.0
El Salvador,7000.0
El Salvador,6910.0
El Salvador,6840.0
El Salvador,6810.0
El Salvador,6780.0
El Salvador,6770.0
El Salvador,6680.0
El Salvador,6680.0
El Salvador,6590.0
El Salvador,6540.0
El Salvador,6510.0
El Salvador,6460.0
El Salvador,6380.0
El Salvador,5940.0
El Salvador,5870.0
El Salvador,5670.0
El Salvador,5630.0
El Salvador,5610.0
El Salvador,5320.0
El Salvador,4960.0
El Salvador,4460.0
El Salvador,4390.0
El Salvador,3920.0
El Salvador,3350.0
El Salvador,3070.0
El Salvador,2380.0
Equatorial Guinea,9990.0
Equatorial Guinea,9950.0
Equatorial Guinea,9820.0
Equatorial Guinea,9780.0
Equatorial Guinea,9710.0
Equatorial Guinea,9370.0
Equatorial Guinea,9180.0
Equatorial Guinea,8540.0
Equatorial Guinea,8320.0
Equatorial Guinea,7910.0
Equatorial Guinea,6660.0
Equatorial Guinea,6570.0
Equatorial Guinea,6430.0
Equatorial Guinea,6200.0
Equatorial Guinea,5800.0
Equatorial Guinea,5350.0
Equatorial Guinea,5010.0
Equatorial Guinea,4630.0
Equatorial Guinea,3400.0
Equatorial Guinea,3230.0
Equatorial Guinea,2220.0
Equatorial Guinea,1970.0
Equatorial Guinea,1650.0
Equatorial Guinea,1190.0
Equatorial Guinea,1100.0
Equatorial Guinea,1030.0
Equatorial Guinea,960.0
Equatorial Guinea,900.0
Equatorial Guinea,70.0
Equatorial Guinea,60.0
Eritrea,880.0
Eritrea,870.0
Eritrea,850.0
Eritrea,830.0
Eritrea,800.0
Eritrea,730.0
Eritrea,720.0
Eritrea,700.0
Eritrea,690.0
Eritrea,680.0
Eritrea,680.0
Eritrea,660.0
Eritrea,650.0
Eritrea,650.0
Eritrea,650.0
Eritrea,640.0
Eritrea,640.0
Eritrea,630.0
Eritrea,620.0
Eritrea,610.0
Eritrea,600.0
Eritrea,570.0
Eritrea,520.0
Eritrea,510.0
Eritrea,500.0
Eritrea,470.0
Eritrea,450.0
Eritrea,440.0
Estonia,35280.0
Estonia,31540.0
Estonia,23820.0
Estonia,19980.0
Estonia,19320.0
Estonia,19000.0
Estonia,18400.0
Estonia,18340.0
Estonia,18170.0
Estonia,17940.0
Estonia,17820.0
Estonia,17230.0
Estonia,17200.0
Estonia,17020.0
Estonia,16940.0
Estonia,16890.0
Estonia,16770.0
Estonia,16710.0
Estonia,16260.0
Estonia,16240.0
Estonia,15990.0
Estonia,15980.0
Estonia,15540.0
Estonia,15380.0
Estonia,15320.0
Estonia,15290.0
Estonia,15050.0
Estonia,14950.0
Estonia,14920.0
Estonia,10180.0
Eswatini,960.0
Eswatini,910.0
Eswatini,890.0
Eswatini,840.0
Eswatini,770.0
Eswatini,750.0
Eswatini,750.0
Eswatini,700.0
Eswatini,690.0
Eswatini,680.0
Eswatini,680.0
Eswatini,660.0
Eswatini,660.0
Eswatini,660.0
Eswatini,650.0
Eswatini,650.0
Eswatini,630.0
Eswatini,630.0
Eswatini,630.0
Eswatini,630.0
Eswatini,620.0
Eswatini,620.0
Eswatini,610.0
Eswatini,610.0
Eswatini,590.0
Eswatini,590.0
Eswatini,580.0
Eswatini,560.0
Eswatini,560.0
Eswatini,460.0
Ethiopia,18360.0
Ethiopia,17240.0
Ethiopia,15820.0
Ethiopia,14970.0
Ethiopia,12890.0
Ethiopia,12340.0
Ethiopia,10080.0
Ethiopia,8480.0
Ethiopia,7540.0
Ethiopia,6530.0
Ethiopia,6490.0
Ethiopia,6470.0
Ethiopia,5960.0
Ethiopia,5400.0
Ethiopia,5330.0
Ethiopia,5050.0
Ethiopia,5020.0
Ethiopia,4570.0
Ethiopia,4400.0
Ethiopia,3560.0
Ethiopia,3230.0
Ethiopia,3180.0
Ethiopia,3060.0
Ethiopia,2870.0
Ethiopia,2570.0
Ethiopia,2330.0
Ethiopia,2310.0
Ethiopia,2260.0
Ethiopia,1940.0
Ethiopia,1520.0
Fiji,1650.0
Fiji,1630.0
Fiji,1630.0
Fiji,1520.0
Fiji,1470.0
Fiji,1380.0
Fiji,1380.0
Fiji,1290.0
Fiji,1290.0
Fiji,1260.0
Fiji,1160.0
Fiji,1130.0
Fiji,1110.0
Fiji,1050.0
Fiji,1040.0
Fiji,1030.0
Fiji,970.0
Fiji,970.0
Fiji,880.0
Fiji,810.0
Fiji,770.0
Fiji,750.0
Fiji,750.0
Fiji,730.0
Fiji,720.0
Fiji,710.0
Fiji,700.0
Fiji,700.0
Fiji,690.0
Fiji,680.0
Finland,71710.0
Finland,67680.0
Finland,67020.0
Finland,65100.0
Finland,63440.0
Finland,62570.0
Finland,62530.0
Finland,61090.0
Finland,60620.0
Finland,59930.0
Finland,57270.0
Finland,56660.0
Finland,56510.0
Finland,56090.0
Finland,55460.0
Finland,55130.0
Finland,55120.0
Finland,55100.0
Finland,54560.0
Finland,54180.0
Finland,53460.0
Finland,52280.0
Finland,50190.0
Finland,49410.0
Finland,46160.0
Finland,45700.0
Finland,44580.0
Finland,43020.0
Finland,42820.0
Finland,40710.0
France,381110.0
France,380660.0
France,380650.0
France,377790.01
France,376730.0
France,376709.99
France,374900.0
France,373120.0
France,371549.99
France,371019.99
France,368590.0
France,367900.0
France,362829.99
France,359070.0
France,357989.99
France,356240.0
France,352240.0
France,349420.0
France,347780.0
France,344400.0
France,343730.01
France,338560.0
France,338420.01
France,335140.01
France,317829.99
France,313920.01
France,311299.99
France,307049.99
France,306100.01
France,300519.99
Gabon,6440.0
Gabon,6420.0
Gabon,6390.0
Gabon,6230.0
Gabon,6120.0
Gabon,6090.0
Gabon,6080.0
Gabon,6060.0
Gabon,6030.0
Gabon,5960.0
Gabon,5960.0
Gabon,5810.0
Gabon,5790.0
Gabon,5780.0
Gabon,5760.0
Gabon,5600.0
Gabon,5560.0
Gabon,5440.0
Gabon,5330.0
Gabon,5270.0
Gabon,5250.0
Gabon,5210.0
Gabon,5200.0
Gabon,5120.0
Gabon,4940.0
Gabon,4650.0
Gabon,4620.0
Gabon,4560.0
Gabon,4530.0
Gabon,4100.0
Gambia,580.0
Gambia,550.0
Gambia,540.0
Gambia,530.0
Gambia,530.0
Gambia,520.0
Gambia,490.0
Gambia,460.0
Gambia,450.0
Gambia,440.0
Gambia,440.0
Gambia,430.0
Gambia,410.0
Gambia,360.0
Gambia,330.0
Gambia,320.0
Gambia,310.0
Gambia,300.0
Gambia,300.0
Gambia,260.0
Gambia,240.0
Gambia,240.0
Gambia,230.0
Gambia,220.0
Gambia,220.0
Gambia,210.0
Gambia,210.0
Gambia,200.0
Gambia,200.0
Gambia,190.0
Georgia,33490.0
Georgia,25510.0
Georgia,20070.0
Georgia,16090.0
Georgia,10440.0
Georgia,10110.0
Georgia,9730.0
Georgia,9650.0
Georgia,9570.0
Georgia,9200.0
Georgia,8470.0
Georgia,8180.0
Georgia,7840.0
Georgia,7190.0
Georgia,6520.0
Georgia,6360.0
Georgia,5630.0
Georgia,5620.0
Georgia,5520.0
Georgia,5320.0
Georgia,4990.0
Georgia,4840.0
Georgia,4770.0
Georgia,4700.0
Georgia,4520.0
Georgia,4240.0
Georgia,3520.0
Georgia,3370.0
Georgia,3160.0
Georgia,2960.0
Germany,955310.0
Germany,932550.0
Germany,904340.0
Germany,892820.0
Germany,887060.0
Germany,875900.0
Germany,874660.0
Germany,872650.0
Germany,865250.0
Germany,847680.0
Germany,836789.98
Germany,833590.0
Germany,833380.0
Germany,830280.0
Germany,821070.01
Germany,814409.97
Germany,802380.0
Germany,789690.0
Germany,783799.99
Germany,776150.02
Germany,773070.01
Germany,760130.0
Germany,747150.02
Germany,746479.98
Germany,742310.0
Germany,736010.01
Germany,734810.0
Germany,732200.01
Germany,707700.01
Germany,657400.02
Ghana,20040.0
Ghana,18680.0
Ghana,17010.0
Ghana,16070.0
Ghana,15780.0
Ghana,15630.0
Ghana,15090.0
Ghana,14610.0
Ghana,11750.0
Ghana,11190.0
Ghana,10010.0
Ghana,9120.0
Ghana,8660.0
Ghana,8510.0
Ghana,7430.0
Ghana,7140.0
Ghana,7040.0
Ghana,6680.0
Ghana,6580.0
Ghana,6210.0
Ghana,6100.0
Ghana,5740.0
Ghana,4300.0
Ghana,4090.0
Ghana,3710.0
Ghana,3460.0
Ghana,3190.0
Ghana,3080.0
Ghana,2790.0
Ghana,2560.0
Greece,104310.0
Greece,101950.0
Greece,100700.0
Greece,100410.0
Greece,100220.0
Greece,99840.0
Greece,96610.0
Greece,96600.0
Greece,94740.0
Greece,94460.0
Greece,87580.0
Greece,87400.0
Greece,87130.0
Greece,84550.0
Greece,83760.0
Greece,82830.0
Greece,82750.0
Greece,80090.0
Greece,79730.0
Greece,78180.0
Greece,78090.0
Greece,75820.0
Greece,75620.0
Greece,72480.0
Greece,69550.0
Greece,68010.0
Greece,66850.0
Greece,66800.0
Greece,65020.0
Greece,60000.0
Grenada,810.0
Grenada,410.0
Grenada,330.0
Grenada,320.0
Grenada,320.0
Grenada,310.0
Grenada,290.0
Grenada,290.0
Grenada,290.0
Grenada,280.0
Grenada,280.0
Grenada,270.0
Grenada,260.0
Grenada,250.0
Grenada,250.0
Grenada,250.0
Grenada,240.0
Grenada,230.0
Grenada,230.0
Grenada,220.0
Grenada,220.0
Grenada,210.0
Grenada,200.0
Grenada,190.0
Grenada,170.0
Grenada,170.0
Grenada,160.0
Grenada,150.0
Grenada,120.0
Grenada,110.0
Guatemala,19310.0
Guatemala,18320.0
Guatemala,17490.0
Guatemala,16570.0
Guatemala,16340.0
Guatemala,13950.0
Guatemala,13000.0
Guatemala,12410.0
Guatemala,12150.0
Guatemala,11850.0
Guatemala,11740.0
Guatemala,11530.0
Guatemala,11520.0
Guatemala,11440.0
Guatemala,11240.0
Guatemala,10750.0
Guatemala,10540.0
Guatemala,10470.0
Guatemala,9810.0
Guatemala,9420.0
Guatemala,8290.0
Guatemala,8200.0
Guatemala,6550.0
Guatemala,6350.0
Guatemala,6190.0
Guatemala,5430.0
Guatemala,5110.0
Guatemala,4830.0
Guatemala,4030.0
Guatemala,3930.0
Guinea,3950.0
Guinea,3750.0
Guinea,3340.0
Guinea,2820.0
Guinea,2620.0
Guinea,2540.0
Guinea,2500.0
Guinea,2480.0
Guinea,2240.0
Guinea,2180.0
Guinea,2120.0
Guinea,2010.0
Guinea,1980.0
Guinea,1900.0
Guinea,1830.0
Guinea,1770.0
Guinea,1700.0
Guinea,1630.0
Guinea,1570.0
Guinea,1490.0
Guinea,1430.0
Guinea,1360.0
Guinea,1290.0
Guinea,1230.0
Guinea,1160.0
Guinea,1120.0
Guinea,1080.0
Guinea,1050.0
Guinea,1020.0
Guinea,1000.0
Guinea-Bissau,330.0
Guinea-Bissau,320.0
Guinea-Bissau,310.0
Guinea-Bissau,310.0
Guinea-Bissau,280.0
Guinea-Bissau,270.0
Guinea-Bissau,250.0
Guinea-Bissau,250.0
Guinea-Bissau,240.0
Guinea-Bissau,240.0
Guinea-Bissau,230.0
Guinea-Bissau,230.0
Guinea-Bissau,220.0
Guinea-Bissau,220.0
Guinea-Bissau,210.0
Guinea-Bissau,200.0
Guinea-Bissau,200.0
Guinea-Bissau,190.0
Guinea-Bissau,190.0
Guinea-Bissau,180.0
Guinea-Bissau,180.0
Guinea-Bissau,180.0
Guinea-Bissau,180.0
Guinea-Bissau,180.0
Guinea-Bissau,170.0
Guinea-Bissau,170.0
Guinea-Bissau,170.0
Guinea-Bissau,150.0
Guinea-Bissau,150.0
Guinea-Bissau,150.0
Guyana,2850.0
Guyana,2590.0
Guyana,2480.0
Guyana,2470.0
Guyana,2080.0
Guyana,2060.0
Guyana,2000.0
Guyana,1980.0
Guyana,1830.0
Guyana,1760.0
Guyana,1750.0
Guyana,1740.0
Guyana,1720.0
Guyana,1670.0
Guyana,1660.0
Guyana,1640.0
Guyana,1630.0
Guyana,1620.0
Guyana,1620.0
Guyana,1610.0
Guyana,1600.0
Guyana,1580.0
Guyana,1530.0
Guyana,1480.0
Guyana,1410.0
Guyana,1330.0
Guyana,1170.0
Guyana,1140.0
Guyana,1090.0
Guyana,1080.0
Haiti,3360.0
Haiti,3330.0
Haiti,3320.0
Haiti,3290.0
Haiti,3280.0
Haiti,3020.0
Haiti,2700.0
Haiti,2650.0
Haiti,2460.0
Haiti,2420.0
Haiti,2050.0
Haiti,2030.0
Haiti,1990.0
Haiti,1830.0
Haiti,1810.0
Haiti,1720.0
Haiti,1700.0
Haiti,1670.0
Haiti,1600.0
Haiti,1470.0
Haiti,1380.0
Haiti,1310.0
Haiti,1270.0
Haiti,1060.0
Haiti,1020.0
Haiti,1000.0
Haiti,900.0
Haiti,900.0
Haiti,690.0
Haiti,190.0
Honduras,10220.0
Honduras,10050.0
Honduras,9930.0
Honduras,9470.0
Honduras,9460.0
Honduras,9370.0
Honduras,9260.0
Honduras,9240.0
Honduras,8810.0
Honduras,8590.0
Honduras,8540.0
Honduras,8180.0
Honduras,8070.0
Honduras,7970.0
Honduras,7560.0
Honduras,6970.0
Honduras,6730.0
Honduras,6090.0
Honduras,5800.0
Honduras,4990.0
Honduras,4750.0
Honduras,4680.0
Honduras,4040.0
Honduras,3900.0
Honduras,3870.0
Honduras,3250.0
Honduras,2900.0
Honduras,2730.0
Honduras,2450.0
Honduras,2450.0
Hungary,67420.0
Hungary,64550.0
Hungary,58450.0
Hungary,58380.0
Hungary,58190.0
Hungary,58000.0
Hungary,57910.0
Hungary,57780.0
Hungary,57430.0
Hungary,57350.0
Hungary,56990.0
Hungary,56350.0
Hungary,56280.0
Hungary,55920.0
Hungary,55600.0
Hungary,55460.0
Hungary,54630.0
Hungary,53850.0
Hungary,53010.0
Hungary,47880.0
Hungary,47840.0
Hungary,46910.0
Hungary,46440.0
Hungary,46400.0
Hungary,46380.0
Hungary,44250.0
Hungary,43430.0
Hungary,43380.0
Hungary,40760.0
Hungary,40630.0
Iceland,2380.0
Iceland,2330.0
Iceland,2320.0
Iceland,2290.0
Iceland,2270.0
Iceland,2240.0
Iceland,2230.0
Iceland,2230.0
Iceland,2180.0
Iceland,2160.0
Iceland,2150.0
Iceland,2150.0
Iceland,2120.0
Iceland,2110.0
Iceland,2090.0
Iceland,2060.0
Iceland,2050.0
Iceland,2030.0
Iceland,2000.0
Iceland,1980.0
Iceland,1960.0
Iceland,1950.0
Iceland,1940.0
Iceland,1910.0
Iceland,1890.0
Iceland,1860.0
Iceland,1700.0
Iceland,1670.0
Iceland,1640.0
Iceland,1630.0
India,2456300.05
India,2451929.93
India,2320409.91
India,2195250.0
India,2158020.02
India,2147110.11
India,1972430.05
India,1909439.94
India,1756739.99
India,1659979.98
India,1564880.0
India,1424380.0
India,1336739.99
India,1215209.96
India,1136469.97
India,1085670.04
India,1011770.02
India,985450.01
India,953540.0
India,937860.0
India,901330.0
India,836270.0
India,819270.0
India,774070.0
India,737860.0
India,685900.0
India,651350.0
India,626290.0
India,607230.0
India,563580.0
Indonesia,619840.03
Indonesia,576989.99
Indonesia,517320.01
Indonesia,488549.99
Indonesia,483910.0
Indonesia,482510.01
Indonesia,481510.01
Indonesia,475310.0
Indonesia,447940.0
Indonesia,415519.99
Indonesia,391079.99
Indonesia,379959.99
Indonesia,376140.01
Indonesia,364470.0
Indonesia,342149.99
Indonesia,341239.99
Indonesia,333890.01
Indonesia,305640.01
Indonesia,302060.0
Indonesia,280650.0
Indonesia,279480.0
Indonesia,262700.0
Indonesia,261160.0
Indonesia,236720.0
Indonesia,223680.0
Indonesia,199180.0
Indonesia,185090.0
Indonesia,171510.0
Indonesia,162400.0
Indonesia,148530.0
Iran,637429.99
Iran,630010.01
Iran,626419.98
Iran,607210.02
Iran,605349.98
Iran,599179.99
Iran,583700.01
Iran,559120.0
Iran,552049.99
Iran,542289.98
Iran,541169.98
Iran,523049.99
Iran,514140.01
Iran,484179.99
Iran,450790.01
Iran,417660.0
Iran,389769.99
Iran,369870.0
Iran,354070.0
Iran,340450.0
Iran,323360.0
Iran,292400.0
Iran,290990.0
Iran,279810.0
Iran,271520.0
Iran,266690.0
Iran,236730.0
Iran,233650.0
Iran,219100.0
Iran,198470.0
Iraq,174560.0
Iraq,163149.99
Iraq,155080.0
Iraq,142230.0
Iraq,139100.01
Iraq,134039.99
Iraq,133170.0
Iraq,129000.0
Iraq,118910.0
Iraq,113040.0
Iraq,108550.0
Iraq,102120.0
Iraq,100070.0
Iraq,98880.0
Iraq,97550.0
Iraq,94200.0
Iraq,91780.0
Iraq,91160.0
Iraq,89560.0
Iraq,88140.0
Iraq,88110.0
Iraq,87630.0
Iraq,85130.0
Iraq,82960.0
Iraq,81280.0
Iraq,76650.0
Iraq,72710.0
Iraq,67340.0
Iraq,64210.0
Iraq,45550.0
Ireland,47260.0
Ireland,46650.0
Ireland,46360.0
Ireland,45780.0
Ireland,44820.0
Ireland,44690.0
Ireland,44090.0
Ireland,43930.0
Ireland,42530.0
Ireland,40560.0
Ireland,40190.0
Ireland,39970.0
Ireland,38820.0
Ireland,38420.0
Ireland,37780.0
Ireland,37660.0
Ireland,37130.0
Ireland,37060.0
Ireland,36680.0
Ireland,35970.0
Ireland,35750.0
Ireland,35710.0
Ireland,35530.0
Ireland,34820.0
Ireland,33450.0
Ireland,32820.0
Ireland,31650.0
Ireland,31510.0
Ireland,31470.0
Ireland,30960.0
Israel,76060.0
Israel,70520.0
Israel,69820.0
Israel,67000.0
Israel,66710.0
Israel,66600.0
Israel,66140.0
Israel,65730.0
Israel,65610.0
Israel,64980.0
Israel,64720.0
Israel,64330.0
Israel,63160.0
Israel,62930.0
Israel,62650.0
Israel,61080.0
Israel,61080.0
Israel,61010.0
Israel,57950.0
Israel,57000.0
Israel,52980.0
Israel,51500.0
Israel,50970.0
Israel,48730.0
Israel,46780.0
Israel,43360.0
Israel,40500.0
Israel,36860.0
Israel,34520.0
Israel,33810.0
Italy,473829.99
Italy,472399.99
Italy,466649.99
Italy,462200.01
Italy,459370.0
Italy,444980.01
Italy,443470.0
Italy,436570.0
Italy,436300.0
Italy,433010.0
Italy,426370.0
Italy,416420.0
Italy,415520.0
Italy,412150.0
Italy,405269.99
Italy,405260.0
Italy,404070.0
Italy,402270.0
Italy,397060.0
Italy,396930.0
Italy,396690.0
Italy,392290.0
Italy,376750.0
Italy,346459.99
Italy,337859.99
Italy,333340.0
Italy,329190.0
Italy,327500.0
Italy,324880.0
Italy,317239.99
Jamaica,12060.0
Jamaica,12020.0
Jamaica,10590.0
Jamaica,10570.0
Jamaica,10560.0
Jamaica,10250.0
Jamaica,10080.0
Jamaica,10060.0
Jamaica,9980.0
Jamaica,9720.0
Jamaica,9620.0
Jamaica,9200.0
Jamaica,9040.0
Jamaica,8680.0
Jamaica,8610.0
Jamaica,8390.0
Jamaica,8380.0
Jamaica,8320.0
Jamaica,8150.0
Jamaica,7880.0
Jamaica,7570.0
Jamaica,7530.0
Jamaica,7480.0
Jamaica,7470.0
Jamaica,7410.0
Jamaica,7400.0
Jamaica,7220.0
Jamaica,7190.0
Jamaica,7090.0
Jamaica,6960.0
Japan,1262780.03
Japan,1253609.99
Japan,1225069.95
Japan,1217120.0
Japan,1214949.95
Japan,1213520.02
Japan,1212819.95
Japan,1209849.98
Japan,1206599.98
Japan,1189520.02
Japan,1184670.0
Japan,1182610.0
Japan,1179439.94
Japan,1172630.0
Japan,1171010.0
Japan,1170380.0
Japan,1167790.04
Japan,1165320.0
Japan,1160780.0
Japan,1158219.97
Japan,1156479.98
Japan,1155229.98
Japan,1130310.0
Japan,1116150.02
Japan,1115060.0
Japan,1107610.0
Japan,1103980.0
Japan,1100979.98
Japan,1090530.0
Japan,1081569.95
Jordan,26150.0
Jordan,25550.0
Jordan,25310.0
Jordan,24820.0
Jordan,24780.0
Jordan,24630.0
Jordan,24120.0
Jordan,23800.0
Jordan,21090.0
Jordan,20760.0
Jordan,20660.0
Jordan,20200.0
Jordan,20170.0
Jordan,20010.0
Jordan,19870.0
Jordan,18580.0
Jordan,17310.0
Jordan,16870.0
Jordan,16270.0
Jordan,16250.0
Jordan,14630.0
Jordan,14620.0
Jordan,14370.0
Jordan,13870.0
Jordan,13600.0
Jordan,12990.0
Jordan,12200.0
Jordan,11930.0
Jordan,9930.0
Jordan,9780.0
Kazakhstan,260010.01
Kazakhstan,253840.0
Kazakhstan,246370.0
Kazakhstan,245450.0
Kazakhstan,244600.01
Kazakhstan,242030.0
Kazakhstan,237250.0
Kazakhstan,229700.0
Kazakhstan,219240.0
Kazakhstan,216600.01
Kazakhstan,214580.0
Kazakhstan,213610.0
Kazakhstan,212110.0
Kazakhstan,209230.0
Kazakhstan,202149.99
Kazakhstan,199170.0
Kazakhstan,198390.0
Kazakhstan,190730.0
Kazakhstan,185300.0
Kazakhstan,175240.0
Kazakhstan,169210.01
Kazakhstan,158030.0
Kazakhstan,153390.0
Kazakhstan,146140.0
Kazakhstan,135840.0
Kazakhstan,132240.0
Kazakhstan,131060.0
Kazakhstan,122650.0
Kazakhstan,120150.0
Kazakhstan,117440.0
Kenya,22280.0
Kenya,19110.0
Kenya,18980.0
Kenya,17490.0
Kenya,17210.0
Kenya,15150.0
Kenya,14100.0
Kenya,13030.0
Kenya,12640.0
Kenya,12150.0
Kenya,11710.0
Kenya,9910.0
Kenya,9370.0
Kenya,9300.0
Kenya,8320.0
Kenya,8320.0
Kenya,7610.0
Kenya,7490.0
Kenya,7440.0
Kenya,7420.0
Kenya,7160.0
Kenya,6970.0
Kenya,6640.0
Kenya,6530.0
Kenya,6370.0
Kenya,6140.0
Kenya,5950.0
Kenya,5890.0
Kenya,5870.0
Kenya,5860.0
Kiribati,90.0
Kiribati,90.0
Kiribati,90.0
Kiribati,70.0
Kiribati,70.0
Kiribati,70.0
Kiribati,60.0
Kiribati,60.0
Kiribati,60.0
Kiribati,60.0
Kiribati,60.0
Kiribati,60.0
Kiribati,60.0
Kiribati,50.0
Kiribati,50.0
Kiribati,50.0
Kiribati,40.0
Kiribati,40.0
Kiribati,30.0
Kiribati,30.0
Kiribati,30.0
Kiribati,30.0
Kiribati,30.0
Kiribati,30.0
Kiribati,30.0
Kiribati,30.0
Kiribati,30.0
Kiribati,20.0
Kiribati,20.0
Kiribati,20.0
Kuwait,92650.0
Kuwait,91550.0
Kuwait,91390.0
Kuwait,90730.0
Kuwait,89020.0
Kuwait,87360.0
Kuwait,85570.0
Kuwait,85310.0
Kuwait,83290.0
Kuwait,80720.0
Kuwait,77650.0
Kuwait,75840.0
Kuwait,72430.0
Kuwait,70600.0
Kuwait,69910.0
Kuwait,61910.0
Kuwait,58120.0
Kuwait,55590.0
Kuwait,53190.0
Kuwait,49840.0
Kuwait,45740.0
Kuwait,42130.0
Kuwait,37300.0
Kuwait,36670.0
Kuwait,36250.0
Kuwait,35630.0
Kuwait,30740.0
Kuwait,29130.0
Kuwait,23050.0
Kuwait,7820.0
Kyrgyz Republic,22760.0
Kyrgyz Republic,20420.0
Kyrgyz Republic,13800.0
Kyrgyz Republic,11250.0
Kyrgyz Republic,10270.0
Kyrgyz Republic,10110.0
Kyrgyz Republic,10060.0
Kyrgyz Republic,10050.0
Kyrgyz Republic,9710.0
Kyrgyz Republic,9700.0
Kyrgyz Republic,9430.0
Kyrgyz Republic,9380.0
Kyrgyz Republic,7620.0
Kyrgyz Republic,7510.0
Kyrgyz Republic,6760.0
Kyrgyz Republic,6550.0
Kyrgyz Republic,6470.0
Kyrgyz Republic,6350.0
Kyrgyz Republic,6040.0
Kyrgyz Republic,5770.0
Kyrgyz Republic,5690.0
Kyrgyz Republic,5590.0
Kyrgyz Republic,5560.0
Kyrgyz Republic,5320.0
Kyrgyz Republic,5300.0
Kyrgyz Republic,4970.0
Kyrgyz Republic,4790.0
Kyrgyz Republic,4670.0
Kyrgyz Republic,4600.0
Kyrgyz Republic,3970.0
Lao PDR,19360.0
Lao PDR,19050.0
Lao PDR,18710.0
Lao PDR,15700.0
Lao PDR,8880.0
Lao PDR,4340.0
Lao PDR,4160.0
Lao PDR,3270.0
Lao PDR,3040.0
Lao PDR,2880.0
Lao PDR,2540.0
Lao PDR,2050.0
Lao PDR,1730.0
Lao PDR,1640.0
Lao PDR,1260.0
Lao PDR,1210.0
Lao PDR,1150.0
Lao PDR,1110.0
Lao PDR,1000.0
Lao PDR,900.0
Lao PDR,880.0
Lao PDR,850.0
Lao PDR,830.0
Lao PDR,780.0
Lao PDR,670.0
Lao PDR,640.0
Lao PDR,610.0
Lao PDR,600.0
Lao PDR,550.0
Lao PDR,510.0
Latvia,18780.0
Latvia,17200.0
Latvia,13970.0
Latvia,11760.0
Latvia,10220.0
Latvia,9010.0
Latvia,9000.0
Latvia,8530.0
Latvia,8530.0
Latvia,8520.0
Latvia,8200.0
Latvia,8130.0
Latvia,8110.0
Latvia,7900.0
Latvia,7790.0
Latvia,7710.0
Latvia,7620.0
Latvia,7590.0
Latvia,7570.0
Latvia,7570.0
Latvia,7550.0
Latvia,7450.0
Latvia,7360.0
Latvia,7360.0
Latvia,7350.0
Latvia,7320.0
Latvia,7280.0
Latvia,7150.0
Latvia,7120.0
Latvia,6930.0
Lebanon,29320.0
Lebanon,27950.0
Lebanon,27810.0
Lebanon,27790.0
Lebanon,27010.0
Lebanon,25150.0
Lebanon,23470.0
Lebanon,23240.0
Lebanon,21900.0
Lebanon,21180.0
Lebanon,20860.0
Lebanon,18650.0
Lebanon,17880.0
Lebanon,17410.0
Lebanon,17280.0
Lebanon,17040.0
Lebanon,16890.0
Lebanon,16840.0
Lebanon,16260.0
Lebanon,16230.0
Lebanon,16130.0
Lebanon,15670.0
Lebanon,15040.0
Lebanon,14120.0
Lebanon,13300.0
Lebanon,11270.0
Lebanon,10330.0
Lebanon,7040.0
Lebanon,7020.0
Lebanon,5620.0
Lesotho,770.0
Lesotho,730.0
Lesotho,700.0
Lesotho,690.0
Lesotho,650.0
Lesotho,620.0
Lesotho,610.0
Lesotho,610.0
Lesotho,570.0
Lesotho,550.0
Lesotho,530.0
Lesotho,460.0
Lesotho,440.0
Lesotho,430.0
Lesotho,430.0
Lesotho,430.0
Lesotho,410.0
Lesotho,410.0
Lesotho,400.0
Lesotho,390.0
Lesotho,390.0
Lesotho,390.0
Lesotho,380.0
Lesotho,370.0
Lesotho,370.0
Lesotho,360.0
Lesotho,360.0
Lesotho,350.0
Lesotho,350.0
Lesotho,340.0
Liberia,1410.0
Liberia,1280.0
Liberia,1260.0
Liberia,1220.0
Liberia,1180.0
Liberia,1130.0
Liberia,950.0
Liberia,920.0
Liberia,850.0
Liberia,730.0
Liberia,690.0
Liberia,670.0
Liberia,640.0
Liberia,560.0
Liberia,540.0
Liberia,540.0
Liberia,490.0
Liberia,480.0
Liberia,450.0
Liberia,450.0
Liberia,450.0
Liberia,450.0
Liberia,440.0
Liberia,430.0
Liberia,420.0
Liberia,420.0
Liberia,420.0
Liberia,400.0
Liberia,400.0
Liberia,370.0
Libya,59550.0
Libya,58610.0
Libya,58000.0
Libya,57630.0
Libya,56800.0
Libya,56620.0
Libya,56400.0
Libya,55160.0
Libya,53270.0
Libya,52990.0
Libya,52920.0
Libya,51330.0
Libya,50950.0
Libya,49390.0
Libya,48920.0
Libya,48460.0
Libya,45590.0
Libya,45430.0
Libya,44720.0
Libya,44450.0
Libya,43480.0
Libya,43220.0
Libya,42200.0
Libya,41950.0
Libya,41900.0
Libya,38640.0
Libya,30580.0
Libya,28820.0
Libya,28600.0
Libya,26340.0
Liechtenstein,230.0
Liechtenstein,230.0
Liechtenstein,230.0
Liechtenstein,230.0
Liechtenstein,230.0
Liechtenstein,230.0
Liechtenstein,220.0
Liechtenstein,220.0
Liechtenstein,220.0
Liechtenstein,220.0
Liechtenstein,220.0
Liechtenstein,210.0
Liechtenstein,210.0
Liechtenstein,210.0
Liechtenstein,210.0
Liechtenstein,210.0
Liechtenstein,200.0
Liechtenstein,200.0
Liechtenstein,200.0
Liechtenstein,200.0
Liechtenstein,190.0
Liechtenstein,190.0
Liechtenstein,190.0
Liechtenstein,180.0
Liechtenstein,160.0
Liechtenstein,160.0
Liechtenstein,160.0
Liechtenstein,150.0
Liechtenstein,150.0
Liechtenstein,140.0
Lithuania,34290.0
Lithuania,32220.0
Lithuania,19980.0
Lithuania,15740.0
Lithuania,14810.0
Lithuania,14710.0
Lithuania,14230.0
Lithuania,13920.0
Lithuania,13740.0
Lithuania,13210.0
Lithuania,13060.0
Lithuania,13020.0
Lithuania,12830.0
Lithuania,12600.0
Lithuania,12250.0
Lithuania,11930.0
Lithuania,11910.0
Lithuania,11850.0
Lithuania,11730.0
Lithuania,11690.0
Lithuania,11650.0
Lithuania,11330.0
Lithuania,11230.0
Lithuania,11220.0
Lithuania,11220.0
Lithuania,11200.0
Lithuania,11150.0
Lithuania,11070.0
Lithuania,10860.0
Lithuania,10510.0
Luxembourg,11910.0
Luxembourg,11750.0
Luxembourg,11720.0
Luxembourg,11660.0
Luxembourg,11650.0
Luxembourg,11440.0
Luxembourg,11290.0
Luxembourg,11110.0
Luxembourg,11030.0
Luxembourg,11020.0
Luxembourg,10900.0
Luxembourg,10810.0
Luxembourg,10690.0
Luxembourg,10440.0
Luxembourg,10240.0
Luxembourg,10150.0
Luxembourg,9820.0
Luxembourg,9650.0
Luxembourg,9490.0
Luxembourg,9320.0
Luxembourg,9130.0
Luxembourg,9120.0
Luxembourg,9000.0
Luxembourg,8850.0
Luxembourg,8740.0
Luxembourg,8660.0
Luxembourg,8560.0
Luxembourg,8240.0
Luxembourg,7920.0
Luxembourg,7570.0
Madagascar,4120.0
Madagascar,3470.0
Madagascar,3350.0
Madagascar,3280.0
Madagascar,3180.0
Madagascar,3010.0
Madagascar,2930.0
Madagascar,2740.0
Madagascar,2190.0
Madagascar,1870.0
Madagascar,1780.0
Madagascar,1720.0
Madagascar,1710.0
Madagascar,1690.0
Madagascar,1670.0
Madagascar,1670.0
Madagascar,1650.0
Madagascar,1650.0
Madagascar,1640.0
Madagascar,1630.0
Madagascar,1550.0
Madagascar,1420.0
Madagascar,1370.0
Madagascar,1310.0
Madagascar,1210.0
Madagascar,1120.0
Madagascar,1000.0
Madagascar,960.0
Madagascar,950.0
Madagascar,890.0
Malawi,1450.0
Malawi,1380.0
Malawi,1190.0
Malawi,1120.0
Malawi,980.0
Malawi,980.0
Malawi,960.0
Malawi,950.0
Malawi,930.0
Malawi,930.0
Malawi,890.0
Malawi,850.0
Malawi,830.0
Malawi,790.0
Malawi,780.0
Malawi,770.0
Malawi,770.0
Malawi,760.0
Malawi,750.0
Malawi,750.0
Malawi,750.0
Malawi,740.0
Malawi,740.0
Malawi,720.0
Malawi,710.0
Malawi,680.0
Malawi,680.0
Malawi,640.0
Malawi,630.0
Malawi,550.0
Malaysia,253270.0
Malaysia,244410.0
Malaysia,236649.99
Malaysia,236539.99
Malaysia,235960.01
Malaysia,227620.0
Malaysia,223660.0
Malaysia,205810.0
Malaysia,202910.0
Malaysia,202740.01
Malaysia,200220.0
Malaysia,189940.0
Malaysia,181929.99
Malaysia,174100.01
Malaysia,167420.0
Malaysia,158270.0
Malaysia,144490.01
Malaysia,136380.0
Malaysia,129460.0
Malaysia,124360.0
Malaysia,114450.0
Malaysia,106020.0
Malaysia,105690.0
Malaysia,98640.0
Malaysia,86310.0
Malaysia,79740.0
Malaysia,73040.0
Malaysia,67170.0
Malaysia,65100.0
Malaysia,54620.0
Maldives,2110.0
Maldives,2100.0
Maldives,1860.0
Maldives,1760.0
Maldives,1370.0
Maldives,1370.0
Maldives,1140.0
Maldives,1130.0
Maldives,1010.0
Maldives,960.0
Maldives,910.0
Maldives,870.0
Maldives,870.0
Maldives,870.0
Maldives,750.0
Maldives,720.0
Maldives,620.0
Maldives,530.0
Maldives,480.0
Maldives,460.0
Maldives,430.0
Maldives,340.0
Maldives,310.0
Maldives,280.0
Maldives,260.0
Maldives,230.0
Maldives,200.0
Maldives,200.0
Maldives,160.0
Maldives,160.0
Mali,5830.0
Mali,5470.0
Mali,5180.0
Mali,4670.0
Mali,3650.0
Mali,3380.0
Mali,3220.0
Mali,3120.0
Mali,3110.0
Mali,2780.0
Mali,2510.0
Mali,2080.0
Mali,2070.0
Mali,1890.0
Mali,1650.0
Mali,1610.0
Mali,1480.0
Mali,1410.0
Mali,1400.0
Mali,1400.0
Mali,10.0
Mali,10.0
Mali,10.0
Mali,10.0
Mali,10.0
Mali,10.0
Mali,10.0
Mali,0.0
Malta,2810.0
Malta,2720.0
Malta,2720.0
Malta,2720.0
Malta,2650.0
Malta,2630.0
Malta,2610.0
Malta,2600.0
Malta,2590.0
Malta,2570.0
Malta,2510.0
Malta,2510.0
Malta,2490.0
Malta,2470.0
Malta,2410.0
Malta,2380.0
Malta,2370.0
Malta,2370.0
Malta,2360.0
Malta,2320.0
Malta,2320.0
Malta,2310.0
Malta,2210.0
Malta,2170.0
Malta,2130.0
Malta,1660.0
Malta,1660.0
Malta,1550.0
Malta,1520.0
Malta,1350.0
Marshall Islands,180.0
Marshall Islands,180.0
Marshall Islands,180.0
Marshall Islands,180.0
Marshall Islands,150.0
Marshall Islands,150.0
Marshall Islands,140.0
Marshall Islands,140.0
Marshall Islands,140.0
Marshall Islands,140.0
Marshall Islands,140.0
Marshall Islands,140.0
Marshall Islands,140.0
Marshall Islands,140.0
Marshall Islands,130.0
Marshall Islands,130.0
Marshall Islands,120.0
Marshall Islands,110.0
Marshall Islands,110.0
Marshall Islands,100.0
Marshall Islands,100.0
Marshall Islands,100.0
Marshall Islands,90.0
Marshall Islands,90.0
Marshall Islands,90.0
Marshall Islands,90.0
Marshall Islands,90.0
Marshall Islands,80.0
Mauritania,3950.0
Mauritania,3690.0
Mauritania,3560.0
Mauritania,3490.0
Mauritania,3260.0
Mauritania,2900.0
Mauritania,2730.0
Mauritania,2590.0
Mauritania,2460.0
Mauritania,2400.0
Mauritania,2350.0
Mauritania,1990.0
Mauritania,1900.0
Mauritania,1730.0
Mauritania,1640.0
Mauritania,1550.0
Mauritania,1510.0
Mauritania,1480.0
Mauritania,1400.0
Mauritania,1300.0
Mauritania,1270.0
Mauritania,1240.0
Mauritania,1230.0
Mauritania,1230.0
Mauritania,1170.0
Mauritania,1070.0
Mauritania,1050.0
Mauritania,1010.0
Mauritania,980.0
Mauritania,940.0
Mauritius,4170.0
Mauritius,4170.0
Mauritius,4130.0
Mauritius,4040.0
Mauritius,3960.0
Mauritius,3950.0
Mauritius,3820.0
Mauritius,3730.0
Mauritius,3660.0
Mauritius,3640.0
Mauritius,3470.0
Mauritius,3420.0
Mauritius,3400.0
Mauritius,3300.0
Mauritius,2960.0
Mauritius,2770.0
Mauritius,2750.0
Mauritius,2610.0
Mauritius,2570.0
Mauritius,2430.0
Mauritius,2200.0
Mauritius,1790.0
Mauritius,1620.0
Mauritius,1610.0
Mauritius,1550.0
Mauritius,1510.0
Mauritius,1470.0
Mauritius,1320.0
Mauritius,1250.0
Mauritius,1160.0
Mexico,486450.01
Mexico,478399.99
Mexico,475739.99
Mexico,473310.0
Mexico,471630.0
Mexico,471579.99
Mexico,462870.0
Mexico,462239.99
Mexico,459549.99
Mexico,457120.0
Mexico,452570.01
Mexico,449269.99
Mexico,448370.0
Mexico,448299.99
Mexico,432190.0
Mexico,414100.01
Mexico,404690.0
Mexico,386000.0
Mexico,379180.0
Mexico,378830.0
Mexico,365140.0
Mexico,355180.0
Mexico,342480.0
Mexico,326500.0
Mexico,322700.0
Mexico,306840.0
Mexico,300670.0
Mexico,291680.0
Mexico,288000.0
Mexico,269580.0
Micronesia,180.0
Micronesia,180.0
Micronesia,170.0
Micronesia,170.0
Micronesia,160.0
Micronesia,160.0
Micronesia,160.0
Micronesia,150.0
Micronesia,150.0
Micronesia,140.0
Micronesia,140.0
Micronesia,140.0
Micronesia,140.0
Micronesia,140.0
Micronesia,130.0
Micronesia,130.0
Micronesia,130.0
Micronesia,130.0
Micronesia,130.0
Micronesia,120.0
Micronesia,120.0
Micronesia,120.0
Micronesia,120.0
Micronesia,120.0
Micronesia,110.0
Micronesia,110.0
Micronesia,110.0
Micronesia,110.0
Moldova,30530.0
Moldova,24600.0
Moldova,20320.0
Moldova,17410.0
Moldova,14140.0
Moldova,12140.0
Moldova,10400.0
Moldova,9580.0
Moldova,8860.0
Moldova,8650.0
Moldova,8540.0
Moldova,8340.0
Moldova,8300.0
Moldova,8180.0
Moldova,8150.0
Moldova,8140.0
Moldova,8140.0
Moldova,8140.0
Moldova,8060.0
Moldova,8020.0
Moldova,7980.0
Moldova,7780.0
Moldova,7770.0
Moldova,7710.0
Moldova,7640.0
Moldova,7350.0
Moldova,7180.0
Moldova,7180.0
Moldova,7020.0
Moldova,6710.0
Mongolia,23070.0
Mongolia,21550.0
Mongolia,19580.0
Mongolia,18380.0
Mongolia,18170.0
Mongolia,18120.0
Mongolia,17300.0
Mongolia,17140.0
Mongolia,15730.0
Mongolia,14760.0
Mongolia,14310.0
Mongolia,13640.0
Mongolia,13020.0
Mongolia,12970.0
Mongolia,12970.0
Mongolia,12860.0
Mongolia,12420.0
Mongolia,11850.0
Mongolia,11060.0
Mongolia,10320.0
Mongolia,10280.0
Mongolia,9600.0
Mongolia,9560.0
Mongolia,9310.0
Mongolia,9000.0
Mongolia,8970.0
Mongolia,8690.0
Mongolia,8610.0
Mongolia,8550.0
Mongolia,8520.0
Montenegro,2690.0
Montenegro,2600.0
Montenegro,2580.0
Montenegro,2540.0
Montenegro,2500.0
Montenegro,2360.0
Montenegro,2330.0
Montenegro,2270.0
Montenegro,2270.0
Montenegro,2220.0
Montenegro,2180.0
Montenegro,2150.0
Montenegro,2100.0
Montenegro,2040.0
Montenegro,2000.0
Montenegro,1920.0
Montenegro,1890.0
Montenegro,1770.0
Montenegro,1760.0
Montenegro,1750.0
Montenegro,1670.0
Montenegro,1670.0
Montenegro,1550.0
Montenegro,1520.0
Montenegro,1480.0
Montenegro,1360.0
Montenegro,1330.0
Montenegro,1290.0
Montenegro,1260.0
Montenegro,1210.0
Morocco,71480.0
Morocco,64960.0
Morocco,63520.0
Morocco,60410.0
Morocco,60320.0
Morocco,58690.0
Morocco,58080.0
Morocco,57590.0
Morocco,55940.0
Morocco,51760.0
Morocco,48750.0
Morocco,48630.0
Morocco,46350.0
Morocco,45000.0
Morocco,43580.0
Morocco,40990.0
Morocco,37470.0
Morocco,37250.0
Morocco,36270.0
Morocco,32880.0
Morocco,32200.0
Morocco,30630.0
Morocco,29900.0
Morocco,28790.0
Morocco,28480.0
Morocco,27710.0
Morocco,25580.0
Morocco,24880.0
Morocco,23120.0
Morocco,21500.0
Mozambique,7500.0
Mozambique,7280.0
Mozambique,7210.0
Mozambique,6950.0
Mozambique,5520.0
Mozambique,4860.0
Mozambique,4200.0
Mozambique,3680.0
Mozambique,3350.0
Mozambique,2680.0
Mozambique,2490.0
Mozambique,2240.0
Mozambique,2230.0
Mozambique,1910.0
Mozambique,1900.0
Mozambique,1860.0
Mozambique,1710.0
Mozambique,1570.0
Mozambique,1430.0
Mozambique,1410.0
Mozambique,1290.0
Mozambique,1290.0
Mozambique,1240.0
Mozambique,1230.0
Mozambique,1170.0
Mozambique,1160.0
Mozambique,1120.0
Mozambique,1100.0
Mozambique,1100.0
Mozambique,940.0
Myanmar,36720.0
Myanmar,32940.0
Myanmar,32500.0
Myanmar,21860.0
Myanmar,19040.0
Myanmar,17040.0
Myanmar,13600.0
Myanmar,11960.0
Myanmar,10720.0
Myanmar,10490.0
Myanmar,10390.0
Myanmar,10150.0
Myanmar,9970.0
Myanmar,9440.0
Myanmar,8710.0
Myanmar,8690.0
Myanmar,8350.0
Myanmar,8300.0
Myanmar,8130.0
Myanmar,7910.0
Myanmar,7900.0
Myanmar,7490.0
Myanmar,7310.0
Myanmar,7250.0
Myanmar,6940.0
Myanmar,5650.0
Myanmar,4810.0
Myanmar,4280.0
Myanmar,4080.0
Myanmar,4020.0
Namibia,4270.0
Namibia,4230.0
Namibia,4220.0
Namibia,4200.0
Namibia,4130.0
Namibia,3950.0
Namibia,3790.0
Namibia,3530.0
Namibia,3330.0
Namibia,3130.0
Namibia,3020.0
Namibia,2950.0
Namibia,2620.0
Namibia,2530.0
Namibia,2530.0
Namibia,2460.0
Namibia,2380.0
Namibia,2270.0
Namibia,2130.0
Namibia,2020.0
Namibia,1980.0
Namibia,1970.0
Namibia,1940.0
Namibia,1920.0
Namibia,1770.0
Namibia,1640.0
Namibia,1410.0
Namibia,1220.0
Namibia,1120.0
Nauru,130.0
Nauru,130.0
Nauru,120.0
Nauru,110.0
Nauru,110.0
Nauru,110.0
Nauru,100.0
Nauru,100.0
Nauru,100.0
Nauru,90.0
Nauru,90.0
Nauru,80.0
Nauru,80.0
Nauru,70.0
Nauru,70.0
Nauru,70.0
Nauru,70.0
Nauru,60.0
Nauru,60.0
Nauru,60.0
Nauru,60.0
Nauru,50.0
Nauru,50.0
Nauru,50.0
Nauru,40.0
Nauru,40.0
Nauru,40.0
Nauru,40.0
Nauru,40.0
Nauru,40.0
Nepal,15190.0
Nepal,13450.0
Nepal,12480.0
Nepal,10410.0
Nepal,7190.0
Nepal,7130.0
Nepal,6090.0
Nepal,6000.0
Nepal,5200.0
Nepal,4640.0
Nepal,3880.0
Nepal,3460.0
Nepal,3220.0
Nepal,3190.0
Nepal,3120.0
Nepal,3020.0
Nepal,2990.0
Nepal,2810.0
Nepal,2790.0
Nepal,2690.0
Nepal,2620.0
Nepal,2320.0
Nepal,2190.0
Nepal,1960.0
Nepal,1900.0
Nepal,1740.0
Nepal,1410.0
Nepal,1230.0
Nepal,1180.0
Nepal,940.0
Netherlands,173620.0
Netherlands,172120.0
Netherlands,171110.0
Netherlands,170360.0
Netherlands,167929.99
Netherlands,167429.99
Netherlands,167120.0
Netherlands,166730.0
Netherlands,166310.0
Netherlands,165220.0
Netherlands,164550.0
Netherlands,164110.0
Netherlands,163700.0
Netherlands,162100.0
Netherlands,161450.0
Netherlands,160490.01
Netherlands,158770.0
Netherlands,158539.99
Netherlands,158150.0
Netherlands,157470.0
Netherlands,157410.0
Netherlands,157260.0
Netherlands,157090.0
Netherlands,155759.99
Netherlands,154510.0
Netherlands,153250.0
Netherlands,151360.0
Netherlands,149789.99
Netherlands,148380.0
Netherlands,146340.0
New Zealand,34270.0
New Zealand,34230.0
New Zealand,34170.0
New Zealand,34010.0
New Zealand,33400.0
New Zealand,33270.0
New Zealand,32930.0
New Zealand,32840.0
New Zealand,32360.0
New Zealand,32280.0
New Zealand,32110.0
New Zealand,31970.0
New Zealand,31890.0
New Zealand,31620.0
New Zealand,31540.0
New Zealand,31190.0
New Zealand,31170.0
New Zealand,31050.0
New Zealand,30290.0
New Zealand,29450.0
New Zealand,28610.0
New Zealand,27690.0
New Zealand,27180.0
New Zealand,25410.0
New Zealand,24380.0
New Zealand,24330.0
New Zealand,24230.0
New Zealand,23960.0
New Zealand,22630.0
New Zealand,22310.0
Nicaragua,5480.0
Nicaragua,5380.0
Nicaragua,5270.0
Nicaragua,5240.0
Nicaragua,5110.0
Nicaragua,4770.0
Nicaragua,4760.0
Nicaragua,4700.0
Nicaragua,4690.0
Nicaragua,4560.0
Nicaragua,4550.0
Nicaragua,4530.0
Nicaragua,4510.0
Nicaragua,4500.0
Nicaragua,4470.0
Nicaragua,4390.0
Nicaragua,4340.0
Nicaragua,4060.0
Nicaragua,3930.0
Nicaragua,3770.0
Nicaragua,3540.0
Nicaragua,3520.0
Nicaragua,3020.0
Nicaragua,2820.0
Nicaragua,2650.0
Nicaragua,2530.0
Nicaragua,2240.0
Nicaragua,2200.0
Nicaragua,1930.0
Nicaragua,1920.0
Niger,2150.0
Niger,2150.0
Niger,2110.0
Niger,2110.0
Niger,1970.0
Niger,1950.0
Niger,1910.0
Niger,1890.0
Niger,1410.0
Niger,1370.0
Niger,1080.0
Niger,860.0
Niger,820.0
Niger,790.0
Niger,760.0
Niger,760.0
Niger,750.0
Niger,700.0
Niger,670.0
Niger,670.0
Niger,670.0
Niger,650.0
Niger,620.0
Niger,610.0
Niger,570.0
Niger,570.0
Niger,550.0
Niger,540.0
Niger,530.0
Niger,500.0
Nigeria,115280.0
Nigeria,114830.0
Nigeria,110830.0
Nigeria,109890.0
Nigeria,108500.0
Nigeria,108130.0
Nigeria,107760.0
Nigeria,101950.0
Nigeria,101000.0
Nigeria,100230.0
Nigeria,98730.0
Nigeria,98720.0
Nigeria,98650.0
Nigeria,97220.0
Nigeria,95340.0
Nigeria,95000.0
Nigeria,92240.0
Nigeria,91810.0
Nigeria,90060.0
Nigeria,88770.0
Nigeria,88700.0
Nigeria,87020.0
Nigeria,86930.0
Nigeria,86240.0
Nigeria,86170.0
Nigeria,81930.0
Nigeria,81120.0
Nigeria,78330.0
Nigeria,76950.0
Nigeria,72770.0
North Korea,123330.0
North Korea,117340.0
North Korea,104690.0
North Korea,96710.0
North Korea,88750.0
North Korea,83420.0
North Korea,78940.0
North Korea,77590.0
North Korea,74390.0
North Korea,74320.0
North Korea,74010.0
North Korea,72830.0
North Korea,72740.0
North Korea,71820.0
North Korea,71200.0
North Korea,67520.0
North Korea,66580.0
North Korea,65630.0
North Korea,60940.0
North Korea,56040.0
North Korea,55360.0
North Korea,54290.0
North Korea,51620.0
North Korea,50530.0
North Korea,38480.0
North Korea,37100.0
North Korea,31230.0
North Korea,30000.0
North Korea,27630.0
North Korea,25100.0
North Macedonia,10060.0
North Macedonia,9840.0
North Macedonia,9700.0
North Macedonia,9520.0
North Macedonia,9480.0
North Macedonia,9230.0
North Macedonia,9220.0
North Macedonia,9140.0
North Macedonia,9090.0
North Macedonia,9050.0
North Macedonia,8990.0
North Macedonia,8920.0
North Macedonia,8870.0
North Macedonia,8840.0
North Macedonia,8840.0
North Macedonia,8760.0
North Macedonia,8640.0
North Macedonia,8590.0
North Macedonia,8550.0
North Macedonia,8540.0
North Macedonia,8520.0
North Macedonia,8380.0
North Macedonia,8370.0
North Macedonia,8300.0
North Macedonia,8140.0
North Macedonia,7790.0
North Macedonia,7700.0
North Macedonia,7410.0
North Macedonia,7300.0
North Macedonia,7300.0
Norway,41410.0
Norway,39700.0
Norway,39600.0
Norway,39500.0
Norway,39490.0
Norway,39110.0
Norway,38760.0
Norway,38490.0
Norway,37890.0
Norway,37750.0
Norway,37720.0
Norway,37590.0
Norway,37430.0
Norway,37340.0
Norway,37200.0
Norway,37170.0
Norway,36870.0
Norway,36540.0
Norway,36350.0
Norway,35950.0
Norway,34720.0
Norway,34600.0
Norway,34410.0
Norway,34390.0
Norway,34370.0
Norway,34290.0
Norway,32430.0
Norway,30200.0
Norway,29310.0
Norway,27330.0
Oman,76030.0
Oman,75600.0
Oman,72130.0
Oman,71930.0
Oman,70130.0
Oman,66390.0
Oman,63010.0
Oman,60550.0
Oman,53620.0
Oman,47080.0
Oman,43590.0
Oman,42260.0
Oman,41310.0
Oman,39190.0
Oman,31700.0
Oman,31260.0
Oman,31010.0
Oman,29970.0
Oman,28030.0
Oman,25110.0
Oman,21980.0
Oman,20020.0
Oman,19520.0
Oman,19380.0
Oman,18870.0
Oman,16190.0
Oman,15720.0
Oman,15180.0
Oman,14920.0
Oman,11920.0
Pakistan,198830.0
Pakistan,190570.01
Pakistan,187310.0
Pakistan,181110.0
Pakistan,164130.0
Pakistan,154240.01
Pakistan,146259.99
Pakistan,146060.0
Pakistan,145140.0
Pakistan,143810.0
Pakistan,142160.0
Pakistan,141700.0
Pakistan,140620.0
Pakistan,132480.0
Pakistan,121670.0
Pakistan,118650.0
Pakistan,105660.0
Pakistan,102330.0
Pakistan,99840.0
Pakistan,98770.0
Pakistan,98370.0
Pakistan,90190.0
Pakistan,89360.0
Pakistan,85820.0
Pakistan,82740.0
Pakistan,76250.0
Pakistan,73750.0
Pakistan,66980.0
Pakistan,60310.0
Pakistan,59030.0
Palau,260.0
Palau,260.0
Palau,250.0
Palau,250.0
Palau,250.0
Palau,250.0
Palau,240.0
Palau,230.0
Palau,220.0
Palau,220.0
Palau,220.0
Palau,220.0
Palau,220.0
Palau,220.0
Palau,210.0
Palau,210.0
Palau,210.0
Palau,210.0
Palau,210.0
Palau,200.0
Palau,200.0
Palau,200.0
Palau,200.0
Palau,200.0
Palau,200.0
Palau,200.0
Palau,200.0
Palau,200.0
Panama,13340.0
Panama,10770.0
Panama,10760.0
Panama,10700.0
Panama,10460.0
Panama,10250.0
Panama,10130.0
Panama,10060.0
Panama,9990.0
Panama,9190.0
Panama,8700.0
Panama,7490.0
Panama,7480.0
Panama,7300.0
Panama,7120.0
Panama,6220.0
Panama,5720.0
Panama,5610.0
Panama,5530.0
Panama,5410.0
Panama,5280.0
Panama,5010.0
Panama,4640.0
Panama,4410.0
Panama,4360.0
Panama,4040.0
Panama,3800.0
Panama,3640.0
Panama,3120.0
Panama,2690.0
Papua New Guinea,7660.0
Papua New Guinea,7610.0
Papua New Guinea,7580.0
Papua New Guinea,7560.0
Papua New Guinea,6510.0
Papua New Guinea,5890.0
Papua New Guinea,5240.0
Papua New Guinea,5160.0
Papua New Guinea,5050.0
Papua New Guinea,5030.0
Papua New Guinea,5020.0
Papua New Guinea,4950.0
Papua New Guinea,4930.0
Papua New Guinea,4890.0
Papua New Guinea,4780.0
Papua New Guinea,4760.0
Papua New Guinea,4080.0
Papua New Guinea,3610.0
Papua New Guinea,3390.0
Papua New Guinea,2830.0
Papua New Guinea,2650.0
Papua New Guinea,2600.0
Papua New Guinea,2400.0
Papua New Guinea,2230.0
Papua New Guinea,2210.0
Papua New Guinea,2180.0
Papua New Guinea,2180.0
Papua New Guinea,2170.0
Papua New Guinea,2130.0
Papua New Guinea,2060.0
Paraguay,8470.0
Paraguay,8210.0
Paraguay,8060.0
Paraguay,7180.0
Paraguay,6370.0
Paraguay,5630.0
Paraguay,5300.0
Paraguay,5220.0
Paraguay,5180.0
Paraguay,5040.0
Paraguay,4570.0
Paraguay,4320.0
Paraguay,4270.0
Paraguay,4270.0
Paraguay,4110.0
Paraguay,3970.0
Paraguay,3950.0
Paraguay,3940.0
Paraguay,3780.0
Paraguay,3780.0
Paraguay,3720.0
Paraguay,3720.0
Paraguay,3700.0
Paraguay,3610.0
Paraguay,3520.0
Paraguay,3340.0
Paraguay,2820.0
Paraguay,2470.0
Paraguay,2070.0
Paraguay,2020.0
Peru,56860.0
Peru,56750.0
Peru,54590.0
Peru,54550.0
Peru,54270.0
Peru,53170.0
Peru,49750.0
Peru,48430.0
Peru,48120.0
Peru,45000.0
Peru,41170.0
Peru,38290.0
Peru,33810.0
Peru,31290.0
Peru,31240.0
Peru,30840.0
Peru,29070.0
Peru,28630.0
Peru,28060.0
Peru,27960.0
Peru,27730.0
Peru,27160.0
Peru,26970.0
Peru,26540.0
Peru,25650.0
Peru,22540.0
Peru,21800.0
Peru,21030.0
Peru,20880.0
Peru,20270.0
Philippines,145420.0
Philippines,138570.01
Philippines,133500.0
Philippines,121960.0
Philippines,111010.0
Philippines,101820.0
Philippines,95500.0
Philippines,86180.0
Philippines,82630.0
Philippines,81930.0
Philippines,76670.0
Philippines,76300.0
Philippines,75150.0
Philippines,75140.0
Philippines,74790.0
Philippines,74220.0
Philippines,73630.0
Philippines,73220.0
Philippines,72100.0
Philippines,71580.0
Philippines,71570.0
Philippines,70480.0
Philippines,69470.0
Philippines,67220.0
Philippines,61750.0
Philippines,51510.0
Philippines,47800.0
Philippines,44020.0
Philippines,41080.0
Philippines,40650.0
Poland,355320.0
Poland,351620.0
Poland,350210.0
Poland,344630.0
Poland,344020.0
Poland,343370.0
Poland,340000.0
Poland,339750.0
Poland,318410.0
Poland,314090.0
Poland,313739.99
Poland,313380.0
Poland,312859.99
Poland,311910.0
Poland,310590.0
Poland,308980.0
Poland,308329.99
Poland,303350.01
Poland,301850.01
Poland,301350.01
Poland,299799.99
Poland,298299.99
Poland,297730.01
Poland,297260.01
Poland,295770.0
Poland,295130.0
Poland,293630.0
Poland,289079.99
Poland,287320.01
Poland,285730.01
Portugal,65600.0
Portugal,65470.0
Portugal,62210.0
Portugal,62130.0
Portugal,61660.0
Portugal,61380.0
Portugal,60520.0
Portugal,60450.0
Portugal,58800.0
Portugal,56840.0
Portugal,56300.0
Portugal,55600.0
Portugal,53330.0
Portugal,50940.0
Portugal,50930.0
Portugal,50690.0
Portugal,49870.0
Portugal,49850.0
Portugal,49500.0
Portugal,48760.0
Portugal,48740.0
Portugal,48220.0
Portugal,47300.0
Portugal,46770.0
Portugal,46560.0
Portugal,45930.0
Portugal,45790.0
Portugal,44640.0
Portugal,42770.0
Portugal,41070.0
Qatar,91970.0
Qatar,87540.0
Qatar,86920.0
Qatar,86420.0
Qatar,84780.0
Qatar,81660.0
Qatar,76170.0
Qatar,75080.0
Qatar,68190.0
Qatar,60580.0
Qatar,54070.0
Qatar,53040.0
Qatar,49830.0
Qatar,43770.0
Qatar,38540.0
Qatar,37070.0
Qatar,34740.0
Qatar,32500.0
Qatar,29000.0
Qatar,28660.0
Qatar,28650.0
Qatar,26500.0
Qatar,25390.0
Qatar,20940.0
Qatar,19050.0
Qatar,18490.0
Qatar,16610.0
Qatar,14980.0
Qatar,14680.0
Qatar,12540.0
Republic Of Congo,7260.0
Republic Of Congo,6490.0
Republic Of Congo,5660.0
Republic Of Congo,5500.0
Republic Of Congo,5420.0
Republic Of Congo,5410.0
Republic Of Congo,5380.0
Republic Of Congo,5330.0
Republic Of Congo,5260.0
Republic Of Congo,5190.0
Republic Of Congo,4840.0
Republic Of Congo,4780.0
Republic Of Congo,4360.0
Republic Of Congo,4350.0
Republic Of Congo,4310.0
Republic Of Congo,4240.0
Republic Of Congo,4150.0
Republic Of Congo,3960.0
Republic Of Congo,3880.0
Republic Of Congo,3520.0
Republic Of Congo,3270.0
Republic Of Congo,3230.0
Republic Of Congo,3200.0
Republic Of Congo,3190.0
Republic Of Congo,3170.0
Republic Of Congo,3130.0
Republic Of Congo,2760.0
Republic Of Congo,2690.0
Republic Of Congo,2640.0
Republic Of Congo,2060.0
Romania,172630.0
Romania,142760.0
Romania,126190.0
Romania,124210.0
Romania,120880.0
Romania,117700.0
Romania,115160.0
Romania,113610.0
Romania,99540.0
Romania,99260.0
Romania,98140.0
Romania,96730.0
Romania,95420.0
Romania,95350.0
Romania,95230.0
Romania,94710.0
Romania,93740.0
Romania,89020.0
Romania,84990.0
Romania,84060.0
Romania,81850.0
Romania,80710.0
Romania,77620.0
Romania,75190.0
Romania,74210.0
Romania,73950.0
Romania,73320.0
Romania,72090.0
Romania,71590.0
Romania,71540.0
Russia,2163530.0
Russia,2136440.0
Russia,2030810.0
Russia,1880250.0
Russia,1703589.97
Russia,1699089.97
Russia,1685050.0
Russia,1675760.01
Russia,1661000.0
Russia,1658150.02
Russia,1655189.94
Russia,1654849.98
Russia,1635490.0
Russia,1632680.05
Russia,1617829.96
Russia,1611979.98
Russia,1611959.96
Russia,1610000.0
Russia,1601180.0
Russia,1600979.98
Russia,1594550.05
Russia,1592560.06
Russia,1571520.02
Russia,1567170.0
Russia,1565339.97
Russia,1563850.0
Russia,1546670.04
Russia,1523720.0
Russia,1489510.0
Russia,1487970.0
Rwanda,1330.0
Rwanda,1290.0
Rwanda,1190.0
Rwanda,1160.0
Rwanda,980.0
Rwanda,860.0
Rwanda,810.0
Rwanda,750.0
Rwanda,680.0
Rwanda,600.0
Rwanda,590.0
Rwanda,580.0
Rwanda,560.0
Rwanda,560.0
Rwanda,560.0
Rwanda,560.0
Rwanda,550.0
Rwanda,550.0
Rwanda,550.0
Rwanda,550.0
Rwanda,540.0
Rwanda,530.0
Rwanda,510.0
Rwanda,510.0
Rwanda,510.0
Rwanda,500.0
Rwanda,500.0
Rwanda,480.0
Rwanda,470.0
Rwanda,460.0
Samoa,310.0
Samoa,300.0
Samoa,300.0
Samoa,290.0
Samoa,240.0
Samoa,210.0
Samoa,210.0
Samoa,200.0
Samoa,200.0
Samoa,200.0
Samoa,200.0
Samoa,200.0
Samoa,190.0
Samoa,190.0
Samoa,180.0
Samoa,170.0
Samoa,170.0
Samoa,170.0
Samoa,160.0
Samoa,150.0
Samoa,150.0
Samoa,150.0
Samoa,130.0
Samoa,130.0
Samoa,120.0
Samoa,110.0
Samoa,100.0
Samoa,100.0
Samoa,100.0
Samoa,90.0
Sao Tome And Principe,150.0
Sao Tome And Principe,140.0
Sao Tome And Principe,140.0
Sao Tome And Principe,130.0
Sao Tome And Principe,120.0
Sao Tome And Principe,120.0
Sao Tome And Principe,120.0
Sao Tome And Principe,120.0
Sao Tome And Principe,100.0
Sao Tome And Principe,100.0
Sao Tome And Principe,90.0
Sao Tome And Principe,90.0
Sao Tome And Principe,80.0
Sao Tome And Principe,80.0
Sao Tome And Principe,80.0
Sao Tome And Principe,70.0
Sao Tome And Principe,70.0
Sao Tome And Principe,60.0
Sao Tome And Principe,50.0
Sao Tome And Principe,50.0
Sao Tome And Principe,50.0
Sao Tome And Principe,50.0
Sao Tome And Principe,50.0
Sao Tome And Principe,50.0
Sao Tome And Principe,50.0
Sao Tome And Principe,50.0
Sao Tome And Principe,50.0
Sao Tome And Principe,50.0
Sao Tome And Principe,40.0
Sao Tome And Principe,40.0
Saudi Arabia,565190.0
Saudi Arabia,561229.98
Saudi Arabia,545070.01
Saudi Arabia,540520.02
Saudi Arabia,523780.03
Saudi Arabia,521260.01
Saudi Arabia,503209.99
Saudi Arabia,492470.0
Saudi Arabia,463769.99
Saudi Arabia,446130.0
Saudi Arabia,406530.0
Saudi Arabia,389720.0
Saudi Arabia,354620.0
Saudi Arabia,335440.0
Saudi Arabia,315290.01
Saudi Arabia,299890.01
Saudi Arabia,284829.99
Saudi Arabia,272250.0
Saudi Arabia,254090.0
Saudi Arabia,249660.0
Saudi Arabia,239520.0
Saudi Arabia,233900.0
Saudi Arabia,220070.0
Saudi Arabia,217650.0
Saudi Arabia,206360.0
Saudi Arabia,204830.0
Saudi Arabia,203260.0
Saudi Arabia,202040.0
Saudi Arabia,187930.0
Saudi Arabia,171410.0
Senegal,10620.0
Senegal,10180.0
Senegal,10130.0
Senegal,9800.0
Senegal,9290.0
Senegal,8570.0
Senegal,8010.0
Senegal,7570.0
Senegal,7450.0
Senegal,7030.0
Senegal,6670.0
Senegal,6440.0
Senegal,6200.0
Senegal,5670.0
Senegal,5570.0
Senegal,5390.0
Senegal,4580.0
Senegal,4490.0
Senegal,4460.0
Senegal,4060.0
Senegal,3960.0
Senegal,3600.0
Senegal,3210.0
Senegal,2930.0
Senegal,2760.0
Senegal,2610.0
Senegal,2570.0
Senegal,2510.0
Senegal,2330.0
Senegal,2330.0
Serbia,61910.0
Serbia,56350.0
Serbia,56310.0
Serbia,56210.0
Serbia,53010.0
Serbia,52200.0
Serbia,52150.0
Serbia,51650.0
Serbia,51460.0
Serbia,51230.0
Serbia,50690.0
Serbia,49830.0
Serbia,48580.0
Serbia,47990.0
Serbia,47340.0
Serbia,47100.0
Serbia,46870.0
Serbia,46620.0
Serbia,46470.0
Serbia,46130.0
Serbia,45950.0
Serbia,45790.0
Serbia,45390.0
Serbia,45000.0
Serbia,44550.0
Serbia,43990.0
Serbia,42720.0
Serbia,40010.0
Serbia,38960.0
Serbia,38900.0
Seychelles,610.0
Seychelles,580.0
Seychelles,580.0
Seychelles,580.0
Seychelles,510.0
Seychelles,470.0
Seychelles,450.0
Seychelles,440.0
Seychelles,430.0
Seychelles,420.0
Seychelles,420.0
Seychelles,410.0
Seychelles,400.0
Seychelles,390.0
Seychelles,380.0
Seychelles,380.0
Seychelles,350.0
Seychelles,340.0
Seychelles,320.0
Seychelles,310.0
Seychelles,290.0
Seychelles,290.0
Seychelles,280.0
Seychelles,240.0
Seychelles,210.0
Seychelles,200.0
Seychelles,190.0
Seychelles,180.0
Seychelles,170.0
Seychelles,150.0
Sierra Leone,1150.0
Sierra Leone,1040.0
Sierra Leone,940.0
Sierra Leone,930.0
Sierra Leone,910.0
Sierra Leone,900.0
Sierra Leone,860.0
Sierra Leone,860.0
Sierra Leone,740.0
Sierra Leone,590.0
Sierra Leone,560.0
Sierra Leone,550.0
Sierra Leone,530.0
Sierra Leone,520.0
Sierra Leone,520.0
Sierra Leone,500.0
Sierra Leone,500.0
Sierra Leone,450.0
Sierra Leone,440.0
Sierra Leone,350.0
Sierra Leone,340.0
Sierra Leone,330.0
Sierra Leone,330.0
Sierra Leone,320.0
Sierra Leone,320.0
Sierra Leone,310.0
Sierra Leone,250.0
Sierra Leone,240.0
Sierra Leone,230.0
Sierra Leone,200.0
Singapore,49140.0
Singapore,47400.0
Singapore,47380.0
Singapore,46100.0
Singapore,45430.0
Singapore,44770.0
Singapore,44400.0
Singapore,43910.0
Singapore,43690.0
Singapore,42410.0
Singapore,42120.0
Singapore,42030.0
Singapore,41290.0
Singapore,39620.0
Singapore,38830.0
Singapore,38520.0
Singapore,38420.0
Singapore,38290.0
Singapore,38160.0
Singapore,38160.0
Singapore,37980.0
Singapore,37800.0
Singapore,37580.0
Singapore,37170.0
Singapore,37050.0
Singapore,36900.0
Singapore,36160.0
Singapore,31410.0
Singapore,30470.0
Singapore,28970.0
Slovak Republic,54810.0
Slovak Republic,47940.0
Slovak Republic,46100.0
Slovak Republic,44320.0
Slovak Republic,42370.0
Slovak Republic,42270.0
Slovak Republic,42170.0
Slovak Republic,41700.0
Slovak Republic,41400.0
Slovak Republic,40660.0
Slovak Republic,38580.0
Slovak Republic,38520.0
Slovak Republic,38330.0
Slovak Republic,38070.0
Slovak Republic,38070.0
Slovak Republic,37870.0
Slovak Republic,37430.0
Slovak Republic,37190.0
Slovak Republic,37100.0
Slovak Republic,35430.0
Slovak Republic,34120.0
Slovak Republic,33910.0
Slovak Republic,33580.0
Slovak Republic,33000.0
Slovak Republic,32920.0
Slovak Republic,32350.0
Slovak Republic,31500.0
Slovak Republic,31080.0
Slovak Republic,30750.0
Slovak Republic,30440.0
Slovenia,17360.0
Slovenia,16290.0
Slovenia,16280.0
Slovenia,15920.0
Slovenia,15780.0
Slovenia,15730.0
Slovenia,15700.0
Slovenia,15700.0
Slovenia,15520.0
Slovenia,15510.0
Slovenia,15500.0
Slovenia,15410.0
Slovenia,15380.0
Slovenia,15290.0
Slovenia,15120.0
Slovenia,14910.0
Slovenia,14550.0
Slovenia,14540.0
Slovenia,14470.0
Slovenia,14120.0
Slovenia,14070.0
Slovenia,13900.0
Slovenia,13610.0
Slovenia,13600.0
Slovenia,13560.0
Slovenia,13530.0
Slovenia,13140.0
Slovenia,13110.0
Slovenia,12830.0
Slovenia,12740.0
Solomon Islands,390.0
Solomon Islands,360.0
Solomon Islands,360.0
Solomon Islands,360.0
Solomon Islands,350.0
Solomon Islands,350.0
Solomon Islands,350.0
Solomon Islands,340.0
Solomon Islands,340.0
Solomon Islands,340.0
Solomon Islands,340.0
Solomon Islands,340.0
Solomon Islands,330.0
Solomon Islands,320.0
Solomon Islands,310.0
Solomon Islands,310.0
Solomon Islands,270.0
Solomon Islands,260.0
Solomon Islands,250.0
Solomon Islands,240.0
Solomon Islands,230.0
Solomon Islands,220.0
Solomon Islands,210.0
Solomon Islands,210.0
Solomon Islands,200.0
Solomon Islands,190.0
Solomon Islands,180.0
Solomon Islands,170.0
Solomon Islands,160.0
Solomon Islands,150.0
Somalia,730.0
Somalia,710.0
Somalia,690.0
Somalia,680.0
Somalia,660.0
Somalia,660.0
Somalia,660.0
Somalia,650.0
Somalia,650.0
Somalia,650.0
Somalia,640.0
Somalia,630.0
Somalia,630.0
Somalia,630.0
Somalia,630.0
Somalia,620.0
Somalia,620.0
Somalia,610.0
Somalia,600.0
Somalia,580.0
Somalia,580.0
Somalia,580.0
Somalia,580.0
Somalia,570.0
Somalia,570.0
Somalia,550.0
Somalia,520.0
Somalia,510.0
Somalia,500.0
Somalia,490.0
South Africa,447929.99
South Africa,439640.01
South Africa,436920.01
South Africa,435649.99
South Africa,434350.01
South Africa,426780.0
South Africa,426739.99
South Africa,425310.0
South Africa,425140.01
South Africa,424810.0
South Africa,409260.01
South Africa,404200.01
South Africa,397060.0
South Africa,379989.99
South Africa,379790.01
South Africa,377649.99
South Africa,353090.0
South Africa,331320.01
South Africa,320540.0
South Africa,296490.0
South Africa,289030.0
South Africa,284660.0
South Africa,278410.0
South Africa,274110.0
South Africa,264310.0
South Africa,252140.0
South Africa,247660.0
South Africa,246490.0
South Africa,242330.0
South Africa,238820.0
South Korea,630640.01
South Korea,626630.0
South Korea,615880.0
South Korea,610789.98
South Korea,607830.02
South Korea,600320.01
South Korea,599599.98
South Korea,598479.98
South Korea,588090.03
South Korea,575219.97
South Korea,526640.01
South Korea,514919.98
South Korea,503690.0
South Korea,487850.01
South Korea,485910.0
South Korea,481000.0
South Korea,471530.0
South Korea,465700.01
South Korea,463000.0
South Korea,456660.0
South Korea,431640.0
South Korea,409990.0
South Korea,401880.0
South Korea,385410.0
South Korea,366570.0
South Korea,354280.0
South Korea,327600.0
South Korea,297050.0
South Korea,274790.0
South Korea,247680.0
South Sudan,1970.0
South Sudan,1730.0
South Sudan,1700.0
South Sudan,1550.0
South Sudan,1530.0
South Sudan,1520.0
South Sudan,1450.0
South Sudan,1420.0
South Sudan,1310.0
South Sudan,1290.0
South Sudan,1280.0
South Sudan,1240.0
South Sudan,1170.0
South Sudan,1000.0
South Sudan,950.0
South Sudan,910.0
South Sudan,750.0
South Sudan,670.0
South Sudan,530.0
South Sudan,460.0
South Sudan,450.0
South Sudan,430.0
South Sudan,420.0
South Sudan,410.0
South Sudan,390.0
South Sudan,370.0
South Sudan,360.0
South Sudan,360.0
South Sudan,340.0
South Sudan,250.0
Spain,354679.99
Spain,350500.0
Spain,341780.0
Spain,335560.0
Spain,324269.99
Spain,318660.0
Spain,312750.0
Spain,294790.0
Spain,293310.0
Spain,287489.99
Spain,278300.0
Spain,274399.99
Spain,273250.0
Spain,269269.99
Spain,263450.01
Spain,257040.01
Spain,256280.0
Spain,256220.0
Spain,248600.0
Spain,247030.0
Spain,242810.0
Spain,240960.01
Spain,240570.0
Spain,239980.0
Spain,232370.0
Spain,230110.0
Spain,228450.0
Spain,222100.0
Spain,218080.0
Spain,214950.0
Sri Lanka,23780.0
Sri Lanka,23360.0
Sri Lanka,21930.0
Sri Lanka,21690.0
Sri Lanka,20360.0
Sri Lanka,17600.0
Sri Lanka,16850.0
Sri Lanka,15420.0
Sri Lanka,14480.0
Sri Lanka,13980.0
Sri Lanka,13590.0
Sri Lanka,13070.0
Sri Lanka,12870.0
Sri Lanka,12810.0
Sri Lanka,12410.0
Sri Lanka,12400.0
Sri Lanka,12290.0
Sri Lanka,11390.0
Sri Lanka,10930.0
Sri Lanka,10850.0
Sri Lanka,9500.0
Sri Lanka,8610.0
Sri Lanka,8360.0
Sri Lanka,8340.0
Sri Lanka,5820.0
Sri Lanka,5770.0
Sri Lanka,5250.0
Sri Lanka,5090.0
Sri Lanka,3990.0
Sri Lanka,3840.0
St. Kitts And Nevis,700.0
St. Kitts And Nevis,340.0
St. Kitts And Nevis,280.0
St. Kitts And Nevis,250.0
St. Kitts And Nevis,250.0
St. Kitts And Nevis,250.0
St. Kitts And Nevis,250.0
St. Kitts And Nevis,240.0
St. Kitts And Nevis,240.0
St. Kitts And Nevis,240.0
St. Kitts And Nevis,240.0
St. Kitts And Nevis,240.0
St. Kitts And Nevis,230.0
St. Kitts And Nevis,230.0
St. Kitts And Nevis,230.0
St. Kitts And Nevis,230.0
St. Kitts And Nevis,230.0
St. Kitts And Nevis,220.0
St. Kitts And Nevis,210.0
St. Kitts And Nevis,190.0
St. Kitts And Nevis,180.0
St. Kitts And Nevis,180.0
St. Kitts And Nevis,160.0
St. Kitts And Nevis,150.0
St. Kitts And Nevis,150.0
St. Kitts And Nevis,150.0
St. Kitts And Nevis,150.0
St. Kitts And Nevis,140.0
St. Kitts And Nevis,110.0
St. Kitts And Nevis,110.0
St. Lucia,1370.0
St. Lucia,750.0
St. Lucia,590.0
St. Lucia,540.0
St. Lucia,530.0
St. Lucia,530.0
St. Lucia,530.0
St. Lucia,510.0
St. Lucia,510.0
St. Lucia,510.0
St. Lucia,500.0
St. Lucia,490.0
St. Lucia,480.0
St. Lucia,480.0
St. Lucia,450.0
St. Lucia,450.0
St. Lucia,440.0
St. Lucia,430.0
St. Lucia,420.0
St. Lucia,390.0
St. Lucia,390.0
St. Lucia,390.0
St. Lucia,350.0
St. Lucia,340.0
St. Lucia,340.0
St. Lucia,310.0
St. Lucia,300.0
St. Lucia,290.0
St. Lucia,200.0
St. Lucia,190.0
St. Vincent And The Grenadines,890.0
St. Vincent And The Grenadines,360.0
St. Vincent And The Grenadines,270.0
St. Vincent And The Grenadines,270.0
St. Vincent And The Grenadines,270.0
St. Vincent And The Grenadines,260.0
St. Vincent And The Grenadines,260.0
St. Vincent And The Grenadines,250.0
St. Vincent And The Grenadines,250.0
St. Vincent And The Grenadines,250.0
St. Vincent And The Grenadines,250.0
St. Vincent And The Grenadines,250.0
St. Vincent And The Grenadines,250.0
St. Vincent And The Grenadines,250.0
St. Vincent And The Grenadines,230.0
St. Vincent And The Grenadines,230.0
St. Vincent And The Grenadines,230.0
St. Vincent And The Grenadines,230.0
St. Vincent And The Grenadines,200.0
St. Vincent And The Grenadines,190.0
St. Vincent And The Grenadines,190.0
St. Vincent And The Grenadines,160.0
St. Vincent And The Grenadines,160.0
St. Vincent And The Grenadines,150.0
St. Vincent And The Grenadines,150.0
St. Vincent And The Grenadines,140.0
St. Vincent And The Grenadines,130.0
St. Vincent And The Grenadines,120.0
St. Vincent And The Grenadines,90.0
St. Vincent And The Grenadines,80.0
Sudan,21130.0
Sudan,20960.0
Sudan,20860.0
Sudan,20620.0
Sudan,18710.0
Sudan,16420.0
Sudan,16120.0
Sudan,15920.0
Sudan,15800.0
Sudan,15480.0
Sudan,15220.0
Sudan,14950.0
Sudan,13960.0
Sudan,12900.0
Sudan,10500.0
Sudan,8830.0
Sudan,7930.0
Sudan,7710.0
Sudan,6250.0
Sudan,5690.0
Sudan,5370.0
Sudan,5310.0
Sudan,5240.0
Sudan,4800.0
Sudan,4770.0
Sudan,4700.0
Sudan,4530.0
Sudan,4510.0
Sudan,4310.0
Sudan,3210.0
Suriname,2950.0
Suriname,2720.0
Suriname,2650.0
Suriname,2620.0
Suriname,2500.0
Suriname,2440.0
Suriname,2290.0
Suriname,2210.0
Suriname,2150.0
Suriname,2130.0
Suriname,2130.0
Suriname,2110.0
Suriname,2090.0
Suriname,2070.0
Suriname,2060.0
Suriname,2050.0
Suriname,2050.0
Suriname,1950.0
Suriname,1760.0
Suriname,1740.0
Suriname,1690.0
Suriname,1530.0
Suriname,1520.0
Suriname,1480.0
Suriname,1460.0
Suriname,1450.0
Suriname,1410.0
Suriname,1390.0
Suriname,1230.0
Suriname,1120.0
Sweden,63650.0
Sweden,58490.0
Sweden,58360.0
Sweden,58230.0
Sweden,57380.0
Sweden,57260.0
Sweden,56750.0
Sweden,56500.0
Sweden,55200.0
Sweden,54240.0
Sweden,54020.0
Sweden,53590.0
Sweden,53350.0
Sweden,53280.0
Sweden,52500.0
Sweden,50210.0
Sweden,48900.0
Sweden,48130.0
Sweden,47140.0
Sweden,46150.0
Sweden,44580.0
Sweden,42880.0
Sweden,42140.0
Sweden,40540.0
Sweden,39190.0
Sweden,39080.0
Sweden,38780.0
Sweden,38290.0
Sweden,36010.0
Sweden,35000.0
Switzerland,45850.0
Switzerland,45700.0
Switzerland,45670.0
Switzerland,45480.0
Switzerland,45280.0
Switzerland,45210.0
Switzerland,45150.0
Switzerland,44960.0
Switzerland,44840.0
Switzerland,44530.0
Switzerland,44250.0
Switzerland,44010.0
Switzerland,43710.0
Switzerland,43670.0
Switzerland,43570.0
Switzerland,43540.0
Switzerland,43530.0
Switzerland,43450.0
Switzerland,43440.0
Switzerland,43330.0
Switzerland,42750.0
Switzerland,42590.0
Switzerland,42520.0
Switzerland,41190.0
Switzerland,39790.0
Switzerland,39670.0
Switzerland,39090.0
Switzerland,38700.0
Switzerland,37480.0
Switzerland,37380.0
Syrian Arab Republic,65280.0
Syrian Arab Republic,63600.0
Syrian Arab Republic,61090.0
Syrian Arab Republic,60700.0
Syrian Arab Republic,60210.0
Syrian Arab Republic,57220.0
Syrian Arab Republic,56920.0
Syrian Arab Republic,47030.0
Syrian Arab Republic,46360.0
Syrian Arab Republic,44730.0
Syrian Arab Republic,44630.0
Syrian Arab Republic,44400.0
Syrian Arab Republic,44380.0
Syrian Arab Republic,44270.0
Syrian Arab Republic,43870.0
Syrian Arab Republic,42070.0
Syrian Arab Republic,42020.0
Syrian Arab Republic,38980.0
Syrian Arab Republic,37440.0
Syrian Arab Republic,35880.0
Syrian Arab Republic,35770.0
Syrian Arab Republic,35150.0
Syrian Arab Republic,32390.0
Syrian Arab Republic,30700.0
Syrian Arab Republic,29340.0
Syrian Arab Republic,27390.0
Syrian Arab Republic,26610.0
Syrian Arab Republic,26340.0
Syrian Arab Republic,25710.0
Syrian Arab Republic,25270.0
Tajikistan,11020.0
Tajikistan,10170.0
Tajikistan,9420.0
Tajikistan,8680.0
Tajikistan,7690.0
Tajikistan,7370.0
Tajikistan,6090.0
Tajikistan,5170.0
Tajikistan,4900.0
Tajikistan,4580.0
Tajikistan,3270.0
Tajikistan,3200.0
Tajikistan,3040.0
Tajikistan,3040.0
Tajikistan,3020.0
Tajikistan,2770.0
Tajikistan,2690.0
Tajikistan,2600.0
Tajikistan,2560.0
Tajikistan,2540.0
Tajikistan,2510.0
Tajikistan,2510.0
Tajikistan,2470.0
Tajikistan,2450.0
Tajikistan,2410.0
Tajikistan,2240.0
Tajikistan,2200.0
Tajikistan,2180.0
Tajikistan,2150.0
Tajikistan,2130.0
Tanzania,12450.0
Tanzania,12000.0
Tanzania,11830.0
Tanzania,11690.0
Tanzania,11200.0
Tanzania,10810.0
Tanzania,10710.0
Tanzania,9870.0
Tanzania,8190.0
Tanzania,6910.0
Tanzania,6080.0
Tanzania,6050.0
Tanzania,5930.0
Tanzania,5910.0
Tanzania,5660.0
Tanzania,5080.0
Tanzania,3760.0
Tanzania,3570.0
Tanzania,3130.0
Tanzania,3070.0
Tanzania,2950.0
Tanzania,2890.0
Tanzania,2730.0
Tanzania,2690.0
Tanzania,2520.0
Tanzania,1920.0
Tanzania,1910.0
Tanzania,1890.0
Tanzania,1870.0
Tanzania,1860.0
Thailand,267090.0
Thailand,264000.0
Thailand,261600.01
Thailand,260700.01
Thailand,258820.01
Thailand,257049.99
Thailand,256799.99
Thailand,250679.99
Thailand,234380.0
Thailand,233600.01
Thailand,227580.0
Thailand,224590.0
Thailand,220259.99
Thailand,219880.0
Thailand,217770.0
Thailand,210190.0
Thailand,191929.99
Thailand,184240.01
Thailand,177940.0
Thailand,174710.0
Thailand,173160.0
Thailand,164490.0
Thailand,163790.0
Thailand,156790.0
Thailand,155780.0
Thailand,137060.0
Thailand,122720.0
Thailand,107950.0
Thailand,98070.0
Thailand,89220.0
Timor-Leste,620.0
Timor-Leste,610.0
Timor-Leste,610.0
Timor-Leste,600.0
Timor-Leste,530.0
Timor-Leste,520.0
Timor-Leste,460.0
Timor-Leste,300.0
Timor-Leste,250.0
Timor-Leste,240.0
Timor-Leste,230.0
Timor-Leste,210.0
Timor-Leste,210.0
Timor-Leste,200.0
Timor-Leste,200.0
Timor-Leste,200.0
Timor-Leste,170.0
Timor-Leste,170.0
Togo,2820.0
Togo,2630.0
Togo,2520.0
Togo,2370.0
Togo,2310.0
Togo,2300.0
Togo,2240.0
Togo,2070.0
Togo,1830.0
Togo,1830.0
Togo,1780.0
Togo,1750.0
Togo,1750.0
Togo,1710.0
Togo,1590.0
Togo,1570.0
Togo,1570.0
Togo,1500.0
Togo,1360.0
Togo,1340.0
Togo,1270.0
Togo,1200.0
Togo,1180.0
Togo,980.0
Togo,980.0
Togo,930.0
Togo,910.0
Togo,760.0
Togo,750.0
Togo,630.0
Tonga,180.0
Tonga,160.0
Tonga,160.0
Tonga,150.0
Tonga,150.0
Tonga,140.0
Tonga,130.0
Tonga,130.0
Tonga,130.0
Tonga,130.0
Tonga,120.0
Tonga,120.0
Tonga,120.0
Tonga,120.0
Tonga,110.0
Tonga,110.0
Tonga,110.0
Tonga,110.0
Tonga,100.0
Tonga,100.0
Tonga,100.0
Tonga,90.0
Tonga,90.0
Tonga,90.0
Tonga,90.0
Tonga,90.0
Tonga,90.0
Tonga,80.0
Tonga,80.0
Tonga,80.0
Trinidad And Tobago,22260.0
Trinidad And Tobago,22210.0
Trinidad And Tobago,22040.0
Trinidad And Tobago,21520.0
Trinidad And Tobago,21460.0
Trinidad And Tobago,21330.0
Trinidad And Tobago,20500.0
Trinidad And Tobago,20060.0
Trinidad And Tobago,20020.0
Trinidad And Tobago,19040.0
Trinidad And Tobago,18310.0
Trinidad And Tobago,18250.0
Trinidad And Tobago,17780.0
Trinidad And Tobago,17590.0
Trinidad And Tobago,17190.0
Trinidad And Tobago,16100.0
Trinidad And Tobago,15450.0
Trinidad And Tobago,13150.0
Trinidad And Tobago,13150.0
Trinidad And Tobago,13050.0
Trinidad And Tobago,12680.0
Trinidad And Tobago,11620.0
Trinidad And Tobago,10720.0
Trinidad And Tobago,10200.0
Trinidad And Tobago,9920.0
Trinidad And Tobago,9900.0
Trinidad And Tobago,9690.0
Trinidad And Tobago,9190.0
Trinidad And Tobago,8790.0
Trinidad And Tobago,8620.0
Tunisia,30480.0
Tunisia,29960.0
Tunisia,29950.0
Tunisia,29910.0
Tunisia,29890.0
Tunisia,29610.0
Tunisia,27850.0
Tunisia,27790.0
Tunisia,27520.0
Tunisia,26340.0
Tunisia,25290.0
Tunisia,25250.0
Tunisia,24750.0
Tunisia,23900.0
Tunisia,22970.0
Tunisia,22480.0
Tunisia,21710.0
Tunisia,21570.0
Tunisia,21500.0
Tunisia,20700.0
Tunisia,19660.0
Tunisia,18660.0
Tunisia,17880.0
Tunisia,17320.0
Tunisia,16780.0
Tunisia,16420.0
Tunisia,16410.0
Tunisia,16110.0
Tunisia,15030.0
Tunisia,14540.0
Turkey,415899.99
Turkey,411730.01
Turkey,396840.0
Turkey,374590.0
Turkey,351590.0
Turkey,340640.01
Turkey,328880.0
Turkey,318170.01
Turkey,317720.0
Turkey,297109.99
Turkey,288970.0
Turkey,287829.99
Turkey,287190.0
Turkey,261079.99
Turkey,235000.0
Turkey,224600.01
Turkey,219160.0
Turkey,216400.0
Turkey,208110.0
Turkey,197770.0
Turkey,193690.0
Turkey,193430.0
Turkey,192650.0
Turkey,185340.0
Turkey,168150.0
Turkey,155580.0
Turkey,153820.0
Turkey,149800.0
Turkey,143800.0
Turkey,139200.0
Turkmenistan,73400.0
Turkmenistan,73340.0
Turkmenistan,73120.0
Turkmenistan,73050.0
Turkmenistan,72870.0
Turkmenistan,71400.0
Turkmenistan,70220.0
Turkmenistan,69010.0
Turkmenistan,65450.0
Turkmenistan,59280.0
Turkmenistan,59180.0
Turkmenistan,58480.0
Turkmenistan,52390.0
Turkmenistan,51920.0
Turkmenistan,50590.0
Turkmenistan,49370.0
Turkmenistan,46350.0
Turkmenistan,44650.0
Turkmenistan,41410.0
Turkmenistan,39120.0
Turkmenistan,38510.0
Turkmenistan,37790.0
Turkmenistan,37690.0
Turkmenistan,33990.0
Turkmenistan,33550.0
Turkmenistan,31840.0
Turkmenistan,30610.0
Turkmenistan,30500.0
Turkmenistan,28100.0
Turkmenistan,26970.0
Tuvalu,10.0
Tuvalu,10.0
Tuvalu,10.0
Tuvalu,10.0
Tuvalu,10.0
Tuvalu,10.0
Tuvalu,10.0
Tuvalu,10.0
Tuvalu,10.0
Tuvalu,10.0
Tuvalu,10.0
Tuvalu,10.0
Tuvalu,10.0
Tuvalu,10.0
Tuvalu,10.0
Tuvalu,10.0
Tuvalu,10.0
Tuvalu,10.0
Tuvalu,10.0
Tuvalu,10.0
Tuvalu,10.0
Tuvalu,10.0
Tuvalu,10.0
Tuvalu,10.0
Tuvalu,10.0
Tuvalu,10.0
Tuvalu,10.0
Tuvalu,10.0
Tuvalu,10.0
Tuvalu,10.0
UAE,201080.0
UAE,197039.99
UAE,195240.01
UAE,188860.0
UAE,184759.99
UAE,184470.0
UAE,177120.0
UAE,175590.0
UAE,165600.01
UAE,162789.99
UAE,157020.0
UAE,156050.0
UAE,131830.0
UAE,121560.0
UAE,116460.0
UAE,110010.0
UAE,103820.0
UAE,99150.0
UAE,97200.0
UAE,85680.0
UAE,84730.0
UAE,83450.0
UAE,81440.0
UAE,78530.0
UAE,75170.0
UAE,70780.0
UAE,63620.0
UAE,61560.0
UAE,59700.0
UAE,55210.0
Uganda,5860.0
Uganda,5860.0
Uganda,5170.0
Uganda,4950.0
Uganda,4720.0
Uganda,4110.0
Uganda,3780.0
Uganda,3740.0
Uganda,3690.0
Uganda,3360.0
Uganda,3330.0
Uganda,2970.0
Uganda,2870.0
Uganda,2400.0
Uganda,2020.0
Uganda,1630.0
Uganda,1570.0
Uganda,1490.0
Uganda,1300.0
Uganda,1300.0
Uganda,1290.0
Uganda,1260.0
Uganda,1110.0
Uganda,1050.0
Uganda,950.0
Uganda,820.0
Uganda,810.0
Uganda,810.0
Uganda,790.0
Uganda,730.0
Ukraine,688620.0
Ukraine,651930.0
Ukraine,574640.0
Ukraine,499310.0
Ukraine,415670.0
Ukraine,399250.0
Ukraine,346110.0
Ukraine,330230.01
Ukraine,328240.0
Ukraine,312140.01
Ukraine,309290.0
Ukraine,307140.01
Ukraine,305730.0
Ukraine,303989.99
Ukraine,303940.0
Ukraine,301200.01
Ukraine,300550.0
Ukraine,297380.0
Ukraine,295410.0
Ukraine,283340.0
Ukraine,277109.99
Ukraine,270269.99
Ukraine,268920.01
Ukraine,251620.0
Ukraine,237730.0
Ukraine,201660.0
Ukraine,191070.01
Ukraine,185620.0
Ukraine,174940.0
Ukraine,174730.0
United Kingdom,570680.0
United Kingdom,561770.0
United Kingdom,557890.0
United Kingdom,545480.0
United Kingdom,545260.0
United Kingdom,543080.02
United Kingdom,543039.98
United Kingdom,542060.0
United Kingdom,541380.0
United Kingdom,540919.98
United Kingdom,535180.0
United Kingdom,530890.0
United Kingdom,530789.98
United Kingdom,530500.0
United Kingdom,526810.0
United Kingdom,526000.0
United Kingdom,524190.0
United Kingdom,522750.0
United Kingdom,515340.03
United Kingdom,482440.0
United Kingdom,467780.0
United Kingdom,466489.99
United Kingdom,453760.01
United Kingdom,445590.0
United Kingdom,415600.01
United Kingdom,401079.99
United Kingdom,380810.0
United Kingdom,367000.0
United Kingdom,360730.01
United Kingdom,348920.01
United States,5775810.0
United States,5753490.23
United States,5748260.0
United States,5738290.04
United States,5736319.82
United States,5658990.23
United States,5653080.08
United States,5609020.0
United States,5593029.79
United States,5590540.0
United States,5558379.88
United States,5543350.0
United States,5392109.86
United States,5273490.0
United States,5173600.1
United States,5156430.18
United States,5117040.0
United States,5107209.96
United States,5092100.1
United States,5066810.0
United States,4995210.0
United States,4990709.96
United States,4975310.06
United States,4956060.06
United States,4894500.0
United States,4879630.0
United States,4844520.0
United States,4819370.12
United States,4817720.21
United States,4807500.0
Uruguay,8520.0
Uruguay,7750.0
Uruguay,7670.0
Uruguay,7610.0
Uruguay,7360.0
Uruguay,6780.0
Uruguay,6640.0
Uruguay,6540.0
Uruguay,6520.0
Uruguay,6500.0
Uruguay,6490.0
Uruguay,6330.0
Uruguay,6280.0
Uruguay,6100.0
Uruguay,5850.0
Uruguay,5780.0
Uruguay,5560.0
Uruguay,5460.0
Uruguay,5460.0
Uruguay,5450.0
Uruguay,5420.0
Uruguay,4950.0
Uruguay,4770.0
Uruguay,4690.0
Uruguay,4530.0
Uruguay,4490.0
Uruguay,4490.0
Uruguay,4370.0
Uruguay,4270.0
Uruguay,3850.0
Uzbekistan,129890.0
Uzbekistan,128880.0
Uzbekistan,128630.0
Uzbekistan,127360.0
Uzbekistan,126240.0
Uzbekistan,125700.0
Uzbekistan,124840.0
Uzbekistan,123810.0
Uzbekistan,122580.0
Uzbekistan,121910.0
Uzbekistan,119190.0
Uzbekistan,118580.0
Uzbekistan,117770.0
Uzbekistan,116710.0
Uzbekistan,116530.0
Uzbekistan,116490.0
Uzbekistan,116260.0
Uzbekistan,114590.0
Uzbekistan,113140.0
Uzbekistan,113080.0
Uzbekistan,112470.0
Uzbekistan,111860.0
Uzbekistan,109530.0
Uzbekistan,108880.0
Uzbekistan,105230.0
Uzbekistan,104870.0
Uzbekistan,100730.0
Uzbekistan,99600.0
Uzbekistan,99170.0
Uzbekistan,98150.0
Vanuatu,210.0
Vanuatu,210.0
Vanuatu,180.0
Vanuatu,170.0
Vanuatu,160.0
Vanuatu,140.0
Vanuatu,130.0
Vanuatu,130.0
Vanuatu,130.0
Vanuatu,120.0
Vanuatu,110.0
Vanuatu,110.0
Vanuatu,100.0
Vanuatu,90.0
Vanuatu,90.0
Vanuatu,90.0
Vanuatu,90.0
Vanuatu,90.0
Vanuatu,90.0
Vanuatu,80.0
Vanuatu,80.0
Vanuatu,70.0
Vanuatu,70.0
Vanuatu,70.0
Vanuatu,70.0
Vanuatu,70.0
Vanuatu,70.0
Vanuatu,60.0
Vanuatu,60.0
Vanuatu,60.0
Venezuela,181130.0
Venezuela,180429.99
Venezuela,179240.01
Venezuela,164100.01
Venezuela,163130.0
Venezuela,160039.99
Venezuela,152590.0
Venezuela,151110.0
Venezuela,151070.01
Venezuela,147530.0
Venezuela,147380.0
Venezuela,142390.0
Venezuela,140820.01
Venezuela,140750.0
Venezuela,139610.0
Venezuela,135800.0
Venezuela,135770.0
Venezuela,132130.0
Venezuela,131520.0
Venezuela,129300.0
Venezuela,127590.0
Venezuela,125460.0
Venezuela,121840.0
Venezuela,114040.0
Venezuela,112340.0
Venezuela,107390.0
Venezuela,106530.0
Venezuela,103110.0
Venezuela,101630.0
Venezuela,100990.0
Vietnam,336489.99
Vietnam,285600.01
Vietnam,230450.0
Vietnam,223720.0
Vietnam,220649.99
Vietnam,180870.0
Vietnam,164300.0
Vietnam,155970.0
Vietnam,155520.0
Vietnam,151410.0
Vietnam,132289.99
Vietnam,117590.0
Vietnam,105140.0
Vietnam,94870.0
Vietnam,92370.0
Vietnam,85050.0
Vietnam,70900.0
Vietnam,66500.0
Vietnam,56720.0
Vietnam,51210.0
Vietnam,46410.0
Vietnam,45470.0
Vietnam,40840.0
Vietnam,35030.0
Vietnam,31400.0
Vietnam,26680.0
Vietnam,24240.0
Vietnam,20810.0
Vietnam,19800.0
Vietnam,19330.0
Yemen,27830.0
Yemen,27430.0
Yemen,26570.0
Yemen,25430.0
Yemen,24220.0
Yemen,23270.0
Yemen,22950.0
Yemen,21920.0
Yemen,21110.0
Yemen,21010.0
Yemen,19630.0
Yemen,18700.0
Yemen,16090.0
Yemen,16070.0
Yemen,15030.0
Yemen,14060.0
Yemen,13550.0
Yemen,12460.0
Yemen,11640.0
Yemen,11100.0
Yemen,10850.0
Yemen,10800.0
Yemen,10530.0
Yemen,10010.0
Yemen,9720.0
Yemen,9340.0
Yemen,9130.0
Yemen,8550.0
Yemen,8500.0
Yemen,6640.0
Zambia,7730.0
Zambia,6810.0
Zambia,6800.0
Zambia,5320.0
Zambia,4960.0
Zambia,4690.0
Zambia,4240.0
Zambia,4030.0
Zambia,3050.0
Zambia,2880.0
Zambia,2850.0
Zambia,2740.0
Zambia,2660.0
Zambia,2510.0
Zambia,2490.0
Zambia,2290.0
Zambia,2290.0
Zambia,2190.0
Zambia,2180.0
Zambia,2170.0
Zambia,2140.0
Zambia,2130.0
Zambia,2110.0
Zambia,2080.0
Zambia,1980.0
Zambia,1920.0
Zambia,1840.0
Zambia,1810.0
Zambia,1760.0
Zambia,1760.0
Zimbabwe,18470.0
Zimbabwe,18300.0
Zimbabwe,17080.0
Zimbabwe,16540.0
Zimbabwe,15960.0
Zimbabwe,15820.0
Zimbabwe,15480.0
Zimbabwe,14860.0
Zimbabwe,14070.0
Zimbabwe,13900.0
Zimbabwe,13830.0
Zimbabwe,13700.0
Zimbabwe,12490.0
Zimbabwe,12430.0
Zimbabwe,12380.0
Zimbabwe,12280.0
Zimbabwe,12080.0
Zimbabwe,12010.0
Zimbabwe,11760.0
Zimbabwe,11410.0
Zimbabwe,11020.0
Zimbabwe,10510.0
Zimbabwe,10340.0
Zimbabwe,10180.0
Zimbabwe,9830.0
Zimbabwe,9770.0
Zimbabwe,9760.0
Zimbabwe,9600.0
Zimbabwe,7750.0
Zimbabwe,7600.0
